elapsed_ms,t_elapsed_s,accel_mag_g
0,0,0.00397689
18,0.018,0.00397613
36,0.036,0.00397537
55,0.055,0.00397456
73,0.073,0.0039738
91,0.091,0.00397304
109,0.109,0.00397227
127,0.127,0.00397151
145,0.145,0.00397075
164,0.164,0.00396994
182,0.182,0.00396918
200,0.2,0.00396841
218,0.218,0.00396765
236,0.236,0.00396688
255,0.255,0.00396608
273,0.273,0.00396531
291,0.291,0.00396455
309,0.309,0.00396378
327,0.327,0.00396302
345,0.345,0.00396225
364,0.364,0.00396145
382,0.382,0.00396068
400,0.4,0.00395991
418,0.418,0.00395915
436,0.436,0.00395838
455,0.455,0.00395757
473,0.473,0.00395681
491,0.491,0.00395604
509,0.509,0.00395528
527,0.527,0.00395451
545,0.545,0.00395374
564,0.564,0.00395293
582,0.582,0.00395217
600,0.6,0.0039514
618,0.618,0.00395063
636,0.636,0.00394986
655,0.655,0.00394905
673,0.673,0.00394829
691,0.691,0.00394752
709,0.709,0.00394675
727,0.727,0.00394598
745,0.745,0.00394521
764,0.764,0.0039444
782,0.782,0.00394363
800,0.8,0.00394286
818,0.818,0.0039421
836,0.836,0.00394133
855,0.855,0.00394052
873,0.873,0.00393975
891,0.891,0.00393898
909,0.909,0.00393821
927,0.927,0.00393744
945,0.945,0.00393667
964,0.964,0.00393585
982,0.982,0.00393508
1000,1,0.00393431
1018,1.018,0.00393354
1036,1.036,0.00393277
1055,1.055,0.00393196
1073,1.073,0.00393119
1091,1.091,0.00393042
1109,1.109,0.00392965
1127,1.127,0.00392888
1145,1.145,0.0039281
1164,1.164,0.00392729
1182,1.182,0.00392652
1200,1.2,0.00392575
1218,1.218,0.00392497
1236,1.236,0.0039242
1255,1.255,0.00392339
1273,1.273,0.00392261
1291,1.291,0.00392184
1309,1.309,0.00392107
1327,1.327,0.0039203
1345,1.345,0.00391952
1364,1.364,0.00391871
1382,1.382,0.00391793
1400,1.4,0.00391716
1418,1.418,0.00391639
1436,1.436,0.00391561
1455,1.455,0.0039148
1473,1.473,0.00391402
1491,1.491,0.00391325
1509,1.509,0.00391248
1527,1.527,0.0039117
1545,1.545,0.00391093
1564,1.564,0.00391011
1582,1.582,0.00390934
1600,1.6,0.00390856
1618,1.618,0.00390779
1636,1.636,0.00390701
1655,1.655,0.00390619
1673,1.673,0.00390542
1691,1.691,0.00390464
1709,1.709,0.00390387
1727,1.727,0.00390309
1745,1.745,0.00390231
1764,1.764,0.00390149
1782,1.782,0.00390072
1800,1.8,0.00389994
1818,1.818,0.00389917
1836,1.836,0.00389839
1855,1.855,0.00389757
1873,1.873,0.00389679
1891,1.891,0.00389602
1909,1.909,0.00389524
1927,1.927,0.00389446
1945,1.945,0.00389368
1964,1.964,0.00389286
1982,1.982,0.00389209
2000,2,0.00389131
2018,2.018,0.00389053
2036,2.036,0.00388975
2055,2.055,0.00388893
2073,2.073,0.00388815
2091,2.091,0.00388737
2109,2.109,0.0038866
2127,2.127,0.00388582
2145,2.145,0.00388504
2164,2.164,0.00388422
2182,2.182,0.00388344
2200,2.2,0.00388266
2218,2.218,0.00388188
2236,2.236,0.0038811
2255,2.255,0.00388028
2273,2.273,0.0038795
2291,2.291,0.00387872
2309,2.309,0.00387794
2327,2.327,0.00387716
2345,2.345,0.00387638
2364,2.364,0.00387555
2382,2.382,0.00387477
2400,2.4,0.00387399
2418,2.418,0.00387321
2436,2.436,0.00387243
2455,2.455,0.00387161
2473,2.473,0.00387082
2491,2.491,0.00387004
2509,2.509,0.00386926
2527,2.527,0.00386848
2545,2.545,0.0038677
2564,2.564,0.00386687
2582,2.582,0.00386609
2600,2.6,0.00386531
2618,2.618,0.00386453
2636,2.636,0.00386375
2655,2.655,0.00386292
2673,2.673,0.00386214
2691,2.691,0.00386135
2709,2.709,0.00386057
2727,2.727,0.00385979
2745,2.745,0.00385901
2764,2.764,0.00385818
2782,2.782,0.0038574
2800,2.8,0.00385661
2818,2.818,0.00385583
2836,2.836,0.00385505
2855,2.855,0.00385422
2873,2.873,0.00385343
2891,2.891,0.00385265
2909,2.909,0.00385187
2927,2.927,0.00385108
2945,2.945,0.0038503
2964,2.964,0.00384947
2982,2.982,0.00384869
3000,3,0.0038479
3018,3.018,0.00384712
3036,3.036,0.00384633
3055,3.055,0.0038455
3073,3.073,0.00384472
3091,3.091,0.00384393
3109,3.109,0.00384315
3127,3.127,0.00384236
3145,3.145,0.00384157
3164,3.164,0.00384074
3182,3.182,0.00383996
3200,3.2,0.00383917
3218,3.218,0.00383839
3236,3.236,0.0038376
3255,3.255,0.00383677
3273,3.273,0.00383598
3291,3.291,0.0038352
3309,3.309,0.00383441
3327,3.327,0.00383362
3345,3.345,0.00383284
3364,3.364,0.00383201
3382,3.382,0.00383122
3400,3.4,0.00383043
3418,3.418,0.00382964
3436,3.436,0.00382886
3455,3.455,0.00382802
3473,3.473,0.00382724
3491,3.491,0.00382645
3509,3.509,0.00382566
3527,3.527,0.00382487
3545,3.545,0.00382408
3564,3.564,0.00382325
3582,3.582,0.00382246
3600,3.6,0.00382167
3618,3.618,0.00382088
3636,3.636,0.0038201
3655,3.655,0.00381926
3673,3.673,0.00381847
3691,3.691,0.00381768
3709,3.709,0.00381689
3727,3.727,0.00381611
3745,3.745,0.00381532
3764,3.764,0.00381448
3782,3.782,0.00381369
3800,3.8,0.0038129
3818,3.818,0.00381211
3836,3.836,0.00381132
3855,3.855,0.00381049
3873,3.873,0.0038097
3891,3.891,0.00380891
3909,3.909,0.00380812
3927,3.927,0.00380733
3945,3.945,0.00380653
3964,3.964,0.0038057
3982,3.982,0.00380491
4000,4,0.00380412
4018,4.018,0.00380333
4036,4.036,0.00380253
4055,4.055,0.0038017
4073,4.073,0.00380091
4091,4.091,0.00380011
4109,4.109,0.00379932
4127,4.127,0.00379853
4145,4.145,0.00379774
4164,4.164,0.0037969
4182,4.182,0.00379611
4200,4.2,0.00379532
4218,4.218,0.00379452
4236,4.236,0.00379373
4255,4.255,0.00379289
4273,4.273,0.0037921
4291,4.291,0.00379131
4309,4.309,0.00379052
4327,4.327,0.00378972
4345,4.345,0.00378893
4364,4.364,0.00378809
4382,4.382,0.0037873
4400,4.4,0.0037865
4418,4.418,0.00378571
4436,4.436,0.00378492
4455,4.455,0.00378408
4473,4.473,0.00378328
4491,4.491,0.00378249
4509,4.509,0.00378169
4527,4.527,0.0037809
4545,4.545,0.00378011
4564,4.564,0.00377927
4582,4.582,0.00377847
4600,4.6,0.00377768
4618,4.618,0.00377688
4636,4.636,0.00377609
4655,4.655,0.00377525
4673,4.673,0.00377445
4691,4.691,0.00377366
4709,4.709,0.00377286
4727,4.727,0.00377207
4745,4.745,0.00377127
4764,4.764,0.00377043
4782,4.782,0.00376963
4800,4.8,0.00376884
4818,4.818,0.00376804
4836,4.836,0.00376724
4855,4.855,0.0037664
4873,4.873,0.00376561
4891,4.891,0.00376481
4909,4.909,0.00376401
4927,4.927,0.00376322
4945,4.945,0.00376242
4964,4.964,0.00376158
4982,4.982,0.00376078
5000,5,0.00375998
5018,5.018,0.00375919
5036,5.036,0.00375839
5055,5.055,0.00375755
5073,5.073,0.00375675
5091,5.091,0.00375595
5109,5.109,0.00375515
5127,5.127,0.00375436
5145,5.145,0.00375356
5164,5.164,0.00375271
5182,5.182,0.00375192
5200,5.2,0.00375112
5218,5.218,0.00375032
5236,5.236,0.00374952
5255,5.255,0.00374868
5273,5.273,0.00374788
5291,5.291,0.00374708
5309,5.309,0.00374628
5327,5.327,0.00374548
5345,5.345,0.00374468
5364,5.364,0.00374384
5382,5.382,0.00374304
5400,5.4,0.00374224
5418,5.418,0.00374144
5436,5.436,0.00374064
5455,5.455,0.0037398
5473,5.473,0.003739
5491,5.491,0.0037382
5509,5.509,0.0037374
5527,5.527,0.0037366
5545,5.545,0.00373579
5564,5.564,0.00373495
5582,5.582,0.00373415
5600,5.6,0.00373335
5618,5.618,0.00373255
5636,5.636,0.00373175
5655,5.655,0.0037309
5673,5.673,0.0037301
5691,5.691,0.0037293
5709,5.709,0.0037285
5727,5.727,0.0037277
5745,5.745,0.00372689
5764,5.764,0.00372605
5782,5.782,0.00372525
5800,5.8,0.00372445
5818,5.818,0.00372364
5836,5.836,0.00372284
5855,5.855,0.00372199
5873,5.873,0.00372119
5891,5.891,0.00372039
5909,5.909,0.00371959
5927,5.927,0.00371879
5945,5.945,0.00371798
5964,5.964,0.00371714
5982,5.982,0.00371633
6000,6,0.00371553
6018,6.018,0.00371473
6036,6.036,0.00371392
6055,6.055,0.00371308
6073,6.073,0.00371227
6091,6.091,0.00371147
6109,6.109,0.00371067
6127,6.127,0.00370986
6145,6.145,0.00370906
6164,6.164,0.00370821
6182,6.182,0.00370741
6200,6.2,0.0037066
6218,6.218,0.0037058
6236,6.236,0.003705
6255,6.255,0.00370415
6273,6.273,0.00370334
6291,6.291,0.00370254
6309,6.309,0.00370173
6327,6.327,0.00370093
6345,6.345,0.00370012
6364,6.364,0.00369928
6382,6.382,0.00369847
6400,6.4,0.00369767
6418,6.418,0.00369686
6436,6.436,0.00369606
6455,6.455,0.00369521
6473,6.473,0.0036944
6491,6.491,0.00369359
6509,6.509,0.00369279
6527,6.527,0.00369198
6545,6.545,0.00369118
6564,6.564,0.00369033
6582,6.582,0.00368952
6600,6.6,0.00368872
6618,6.618,0.00368791
6636,6.636,0.0036871
6655,6.655,0.00368625
6673,6.673,0.00368545
6691,6.691,0.00368464
6709,6.709,0.00368383
6727,6.727,0.00368303
6745,6.745,0.00368222
6764,6.764,0.00368137
6782,6.782,0.00368056
6800,6.8,0.00367976
6818,6.818,0.00367895
6836,6.836,0.00367814
6855,6.855,0.00367729
6873,6.873,0.00367648
6891,6.891,0.00367568
6909,6.909,0.00367487
6927,6.927,0.00367406
6945,6.945,0.00367325
6964,6.964,0.0036724
6982,6.982,0.00367159
7000,7,0.00367078
7018,7.018,0.00366998
7036,7.036,0.00366917
7055,7.055,0.00366832
7073,7.073,0.00366751
7091,7.091,0.0036667
7109,7.109,0.00366589
7127,7.127,0.00366508
7145,7.145,0.00366427
7164,7.164,0.00366342
7182,7.182,0.00366261
7200,7.2,0.0036618
7218,7.218,0.00366099
7236,7.236,0.00366019
7255,7.255,0.00365933
7273,7.273,0.00365852
7291,7.291,0.00365771
7309,7.309,0.0036569
7327,7.327,0.00365609
7345,7.345,0.00365529
7364,7.364,0.00365443
7382,7.382,0.00365362
7400,7.4,0.00365281
7418,7.418,0.003652
7436,7.436,0.00365119
7455,7.455,0.00365034
7473,7.473,0.00364953
7491,7.491,0.00364872
7509,7.509,0.00364791
7527,7.527,0.0036471
7545,7.545,0.00364629
7564,7.564,0.00364543
7582,7.582,0.00364462
7600,7.6,0.00364381
7618,7.618,0.003643
7636,7.636,0.00364219
7655,7.655,0.00364133
7673,7.673,0.00364052
7691,7.691,0.00363971
7709,7.709,0.0036389
7727,7.727,0.00363809
7745,7.745,0.00363728
7764,7.764,0.00363642
7782,7.782,0.00363561
7800,7.8,0.0036348
7818,7.818,0.00363399
7836,7.836,0.00363318
7855,7.855,0.00363232
7873,7.873,0.00363151
7891,7.891,0.0036307
7909,7.909,0.00362988
7927,7.927,0.00362907
7945,7.945,0.00362826
7964,7.964,0.0036274
7982,7.982,0.00362659
8000,8,0.00362578
8018,8.018,0.00362497
8036,8.036,0.00362415
8055,8.055,0.0036233
8073,8.073,0.00362248
8091,8.091,0.00362167
8109,8.109,0.00362086
8127,8.127,0.00362004
8145,8.145,0.00361923
8164,8.164,0.00361837
8182,8.182,0.00361756
8200,8.2,0.00361675
8218,8.218,0.00361593
8236,8.236,0.00361512
8255,8.255,0.00361426
8273,8.273,0.00361345
8291,8.291,0.00361264
8309,8.309,0.00361182
8327,8.327,0.00361101
8345,8.345,0.0036102
8364,8.364,0.00360934
8382,8.382,0.00360852
8400,8.4,0.00360771
8418,8.418,0.00360689
8436,8.436,0.00360608
8455,8.455,0.00360522
8473,8.473,0.00360441
8491,8.491,0.00360359
8509,8.509,0.00360278
8527,8.527,0.00360196
8545,8.545,0.00360115
8564,8.564,0.00360029
8582,8.582,0.00359948
8600,8.6,0.00359866
8618,8.618,0.00359785
8636,8.636,0.00359703
8655,8.655,0.00359617
8673,8.673,0.00359536
8691,8.691,0.00359454
8709,8.709,0.00359373
8727,8.727,0.00359291
8745,8.745,0.0035921
8764,8.764,0.00359124
8782,8.782,0.00359042
8800,8.8,0.0035896
8818,8.818,0.00358879
8836,8.836,0.00358797
8855,8.855,0.00358711
8873,8.873,0.0035863
8891,8.891,0.00358548
8909,8.909,0.00358467
8927,8.927,0.00358385
8945,8.945,0.00358303
8964,8.964,0.00358217
8982,8.982,0.00358136
9000,9,0.00358054
9018,9.018,0.00357972
9036,9.036,0.00357891
9055,9.055,0.00357805
9073,9.073,0.00357723
9091,9.091,0.00357641
9109,9.109,0.0035756
9127,9.127,0.00357478
9145,9.145,0.00357396
9164,9.164,0.0035731
9182,9.182,0.00357228
9200,9.2,0.00357147
9218,9.218,0.00357065
9236,9.236,0.00356983
9255,9.255,0.00356897
9273,9.273,0.00356815
9291,9.291,0.00356734
9309,9.309,0.00356652
9327,9.327,0.0035657
9345,9.345,0.00356489
9364,9.364,0.00356402
9382,9.382,0.00356321
9400,9.4,0.00356239
9418,9.418,0.00356157
9436,9.436,0.00356075
9455,9.455,0.00355989
9473,9.473,0.00355907
9491,9.491,0.00355825
9509,9.509,0.00355744
9527,9.527,0.00355662
9545,9.545,0.0035558
9564,9.564,0.00355494
9582,9.582,0.00355412
9600,9.6,0.0035533
9618,9.618,0.00355248
9636,9.636,0.00355166
9655,9.655,0.0035508
9673,9.673,0.00354998
9691,9.691,0.00354916
9709,9.709,0.00354835
9727,9.727,0.00354753
9745,9.745,0.00354671
9764,9.764,0.00354584
9782,9.782,0.00354502
9800,9.8,0.00354421
9818,9.818,0.00354339
9836,9.836,0.00354257
9855,9.855,0.0035417
9873,9.873,0.00354088
9891,9.891,0.00354007
9909,9.909,0.00353925
9927,9.927,0.00353843
9945,9.945,0.00353761
9964,9.964,0.00353674
9982,9.982,0.00353592
10000,10,0.00353511
10018,10.018,0.00353429
10036,10.036,0.00353347
10055,10.055,0.0035326
10073,10.073,0.00353178
10091,10.091,0.00353096
10109,10.109,0.00353014
10127,10.127,0.00352932
10145,10.145,0.0035285
10164,10.164,0.00352764
10182,10.182,0.00352682
10200,10.2,0.003526
10218,10.218,0.00352518
10236,10.236,0.00352436
10255,10.255,0.00352349
10273,10.273,0.00352267
10291,10.291,0.00352185
10309,10.309,0.00352103
10327,10.327,0.00352021
10345,10.345,0.00351939
10364,10.364,0.00351852
10382,10.382,0.0035177
10400,10.4,0.00351688
10418,10.418,0.00351606
10436,10.436,0.00351524
10455,10.455,0.00351438
10473,10.473,0.00351356
10491,10.491,0.00351273
10509,10.509,0.00351191
10527,10.527,0.00351109
10545,10.545,0.00351027
10564,10.564,0.00350941
10582,10.582,0.00350858
10600,10.6,0.00350776
10618,10.618,0.00350694
10636,10.636,0.00350612
10655,10.655,0.00350525
10673,10.673,0.00350443
10691,10.691,0.00350361
10709,10.709,0.00350279
10727,10.727,0.00350197
10745,10.745,0.00350115
10764,10.764,0.00350028
10782,10.782,0.00349946
10800,10.8,0.00349864
10818,10.818,0.00349782
10836,10.836,0.00349699
10855,10.855,0.00349613
10873,10.873,0.00349531
10891,10.891,0.00349448
10909,10.909,0.00349366
10927,10.927,0.00349284
10945,10.945,0.00349202
10964,10.964,0.00349115
10982,10.982,0.00349033
11000,11,0.00348951
11018,11.018,0.00348868
11036,11.036,0.00348786
11055,11.055,0.00348699
11073,11.073,0.00348617
11091,11.091,0.00348535
11109,11.109,0.00348453
11127,11.127,0.00348371
11145,11.145,0.00348288
11164,11.164,0.00348202
11182,11.182,0.00348119
11200,11.2,0.00348037
11218,11.218,0.00347955
11236,11.236,0.00347872
11255,11.255,0.00347786
11273,11.273,0.00347703
11291,11.291,0.00347621
11309,11.309,0.00347539
11327,11.327,0.00347457
11345,11.345,0.00347374
11364,11.364,0.00347287
11382,11.382,0.00347205
11400,11.4,0.00347123
11418,11.418,0.00347041
11436,11.436,0.00346958
11455,11.455,0.00346871
11473,11.473,0.00346789
11491,11.491,0.00346707
11509,11.509,0.00346625
11527,11.527,0.00346542
11545,11.545,0.0034646
11564,11.564,0.00346373
11582,11.582,0.00346291
11600,11.6,0.00346208
11618,11.618,0.00346126
11636,11.636,0.00346044
11655,11.655,0.00345957
11673,11.673,0.00345874
11691,11.691,0.00345792
11709,11.709,0.0034571
11727,11.727,0.00345627
11745,11.745,0.00345545
11764,11.764,0.00345458
11782,11.782,0.00345376
11800,11.8,0.00345293
11818,11.818,0.00345211
11836,11.836,0.00345129
11855,11.855,0.00345042
11873,11.873,0.00344959
11891,11.891,0.00344877
11909,11.909,0.00344794
11927,11.927,0.00344712
11945,11.945,0.0034463
11964,11.964,0.00344543
11982,11.982,0.0034446
12000,12,0.00344378
12018,12.018,0.00344296
12036,12.036,0.00344213
12055,12.055,0.00344126
12073,12.073,0.00344044
12091,12.091,0.00343961
12109,12.109,0.00343879
12127,12.127,0.00343796
12145,12.145,0.00343714
12164,12.164,0.00343627
12182,12.182,0.00343545
12200,12.2,0.00343462
12218,12.218,0.0034338
12236,12.236,0.00343297
12255,12.255,0.0034321
12273,12.273,0.00343128
12291,12.291,0.00343045
12309,12.309,0.00342963
12327,12.327,0.00342881
12345,12.345,0.00342798
12364,12.364,0.00342711
12382,12.382,0.00342629
12400,12.4,0.00342546
12418,12.418,0.00342464
12436,12.436,0.00342381
12455,12.455,0.00342294
12473,12.473,0.00342212
12491,12.491,0.00342129
12509,12.509,0.00342047
12527,12.527,0.00341964
12545,12.545,0.00341882
12564,12.564,0.00341795
12582,12.582,0.00341712
12600,12.6,0.0034163
12618,12.618,0.00341547
12636,12.636,0.00341465
12655,12.655,0.00341378
12673,12.673,0.00341295
12691,12.691,0.00341213
12709,12.709,0.0034113
12727,12.727,0.00341048
12745,12.745,0.00340965
12764,12.764,0.00340878
12782,12.782,0.00340796
12800,12.8,0.00340713
12818,12.818,0.00340631
12836,12.836,0.00340548
12855,12.855,0.00340461
12873,12.873,0.00340378
12891,12.891,0.00340296
12909,12.909,0.00340213
12927,12.927,0.00340131
12945,12.945,0.00340048
12964,12.964,0.00339961
12982,12.982,0.00339879
13000,13,0.00339796
13018,13.018,0.00339714
13036,13.036,0.00339631
13055,13.055,0.00339544
13073,13.073,0.00339461
13091,13.091,0.00339379
13109,13.109,0.00339296
13127,13.127,0.00339214
13145,13.145,0.00339131
13164,13.164,0.00339044
13182,13.182,0.00338962
13200,13.2,0.00338879
13218,13.218,0.00338796
13236,13.236,0.00338714
13255,13.255,0.00338627
13273,13.273,0.00338544
13291,13.291,0.00338462
13309,13.309,0.00338379
13327,13.327,0.00338296
13345,13.345,0.00338214
13364,13.364,0.00338127
13382,13.382,0.00338044
13400,13.4,0.00337962
13418,13.418,0.00337879
13436,13.436,0.00337797
13455,13.455,0.00337709
13473,13.473,0.00337627
13491,13.491,0.00337544
13509,13.509,0.00337462
13527,13.527,0.00337379
13545,13.545,0.00337296
13564,13.564,0.00337209
13582,13.582,0.00337127
13600,13.6,0.00337044
13618,13.618,0.00336962
13636,13.636,0.00336879
13655,13.655,0.00336792
13673,13.673,0.00336709
13691,13.691,0.00336627
13709,13.709,0.00336544
13727,13.727,0.00336462
13745,13.745,0.00336379
13764,13.764,0.00336292
13782,13.782,0.00336209
13800,13.8,0.00336127
13818,13.818,0.00336044
13836,13.836,0.00335961
13855,13.855,0.00335874
13873,13.873,0.00335792
13891,13.891,0.00335709
13909,13.909,0.00335626
13927,13.927,0.00335544
13945,13.945,0.00335461
13964,13.964,0.00335374
13982,13.982,0.00335292
14000,14,0.00335209
14018,14.018,0.00335126
14036,14.036,0.00335044
14055,14.055,0.00334957
14073,14.073,0.00334874
14091,14.091,0.00334791
14109,14.109,0.00334709
14127,14.127,0.00334626
14145,14.145,0.00334544
14164,14.164,0.00334456
14182,14.182,0.00334374
14200,14.2,0.00334291
14218,14.218,0.00334209
14236,14.236,0.00334126
14255,14.255,0.00334039
14273,14.273,0.00333956
14291,14.291,0.00333874
14309,14.309,0.00333791
14327,14.327,0.00333708
14345,14.345,0.00333626
14364,14.364,0.00333539
14382,14.382,0.00333456
14400,14.4,0.00333373
14418,14.418,0.00333291
14436,14.436,0.00333208
14455,14.455,0.00333121
14473,14.473,0.00333038
14491,14.491,0.00332956
14509,14.509,0.00332873
14527,14.527,0.00332791
14545,14.545,0.00332708
14564,14.564,0.00332621
14582,14.582,0.00332538
14600,14.6,0.00332456
14618,14.618,0.00332373
14636,14.636,0.00332291
14655,14.655,0.00332203
14673,14.673,0.00332121
14691,14.691,0.00332038
14709,14.709,0.00331956
14727,14.727,0.00331873
14745,14.745,0.0033179
14764,14.764,0.00331703
14782,14.782,0.00331621
14800,14.8,0.00331538
14818,14.818,0.00331455
14836,14.836,0.00331373
14855,14.855,0.00331286
14873,14.873,0.00331203
14891,14.891,0.00331121
14909,14.909,0.00331038
14927,14.927,0.00330955
14945,14.945,0.00330873
14964,14.964,0.00330786
14982,14.982,0.00330703
15000,15,0.0033062
15018,15.018,0.00330538
15036,15.036,0.00330455
15055,15.055,0.00330368
15073,15.073,0.00330286
15091,15.091,0.00330203
15109,15.109,0.0033012
15127,15.127,0.00330038
15145,15.145,0.00329955
15164,15.164,0.00329868
15182,15.182,0.00329785
15200,15.2,0.00329703
15218,15.218,0.0032962
15236,15.236,0.00329538
15255,15.255,0.00329451
15273,15.273,0.00329368
15291,15.291,0.00329286
15309,15.309,0.00329203
15327,15.327,0.0032912
15345,15.345,0.00329038
15364,15.364,0.00328951
15382,15.382,0.00328868
15400,15.4,0.00328786
15418,15.418,0.00328703
15436,15.436,0.00328621
15455,15.455,0.00328533
15473,15.473,0.00328451
15491,15.491,0.00328368
15509,15.509,0.00328286
15527,15.527,0.00328203
15545,15.545,0.00328121
15564,15.564,0.00328033
15582,15.582,0.00327951
15600,15.6,0.00327868
15618,15.618,0.00327786
15636,15.636,0.00327703
15655,15.655,0.00327616
15673,15.673,0.00327534
15691,15.691,0.00327451
15709,15.709,0.00327369
15727,15.727,0.00327286
15745,15.745,0.00327204
15764,15.764,0.00327117
15782,15.782,0.00327034
15800,15.8,0.00326951
15818,15.818,0.00326869
15836,15.836,0.00326786
15855,15.855,0.00326699
15873,15.873,0.00326617
15891,15.891,0.00326534
15909,15.909,0.00326452
15927,15.927,0.00326369
15945,15.945,0.00326287
15964,15.964,0.003262
15982,15.982,0.00326117
16000,16,0.00326035
16018,16.018,0.00325952
16036,16.036,0.0032587
16055,16.055,0.00325783
16073,16.073,0.003257
16091,16.091,0.00325618
16109,16.109,0.00325535
16127,16.127,0.00325453
16145,16.145,0.0032537
16164,16.164,0.00325283
16182,16.182,0.00325201
16200,16.2,0.00325118
16218,16.218,0.00325036
16236,16.236,0.00324953
16255,16.255,0.00324866
16273,16.273,0.00324784
16291,16.291,0.00324701
16309,16.309,0.00324619
16327,16.327,0.00324537
16345,16.345,0.00324454
16364,16.364,0.00324367
16382,16.382,0.00324285
16400,16.4,0.00324202
16418,16.418,0.0032412
16436,16.436,0.00324037
16455,16.455,0.0032395
16473,16.473,0.00323868
16491,16.491,0.00323786
16509,16.509,0.00323703
16527,16.527,0.00323621
16545,16.545,0.00323538
16564,16.564,0.00323451
16582,16.582,0.00323369
16600,16.6,0.00323287
16618,16.618,0.00323204
16636,16.636,0.00323122
16655,16.655,0.00323035
16673,16.673,0.00322952
16691,16.691,0.0032287
16709,16.709,0.00322788
16727,16.727,0.00322705
16745,16.745,0.00322623
16764,16.764,0.00322536
16782,16.782,0.00322454
16800,16.8,0.00322371
16818,16.818,0.00322289
16836,16.836,0.00322207
16855,16.855,0.0032212
16873,16.873,0.00322037
16891,16.891,0.00321955
16909,16.909,0.00321873
16927,16.927,0.0032179
16945,16.945,0.00321708
16964,16.964,0.00321621
16982,16.982,0.00321539
17000,17,0.00321456
17018,17.018,0.00321374
17036,17.036,0.00321292
17055,17.055,0.00321205
17073,17.073,0.00321122
17091,17.091,0.0032104
17109,17.109,0.00320958
17127,17.127,0.00320876
17145,17.145,0.00320793
17164,17.164,0.00320706
17182,17.182,0.00320624
17200,17.2,0.00320542
17218,17.218,0.0032046
17236,17.236,0.00320377
17255,17.255,0.00320291
17273,17.273,0.00320208
17291,17.291,0.00320126
17309,17.309,0.00320044
17327,17.327,0.00319961
17345,17.345,0.00319879
17364,17.364,0.00319792
17382,17.382,0.0031971
17400,17.4,0.00319628
17418,17.418,0.00319546
17436,17.436,0.00319463
17455,17.455,0.00319377
17473,17.473,0.00319294
17491,17.491,0.00319212
17509,17.509,0.0031913
17527,17.527,0.00319048
17545,17.545,0.00318966
17564,17.564,0.00318879
17582,17.582,0.00318797
17600,17.6,0.00318715
17618,17.618,0.00318632
17636,17.636,0.0031855
17655,17.655,0.00318463
17673,17.673,0.00318381
17691,17.691,0.00318299
17709,17.709,0.00318217
17727,17.727,0.00318135
17745,17.745,0.00318053
17764,17.764,0.00317966
17782,17.782,0.00317884
17800,17.8,0.00317802
17818,17.818,0.0031772
17836,17.836,0.00317637
17855,17.855,0.00317551
17873,17.873,0.00317469
17891,17.891,0.00317387
17909,17.909,0.00317304
17927,17.927,0.00317222
17945,17.945,0.0031714
17964,17.964,0.00317054
17982,17.982,0.00316972
18000,18,0.0031689
18018,18.018,0.00316807
18036,18.036,0.00316725
18055,18.055,0.00316639
18073,18.073,0.00316557
18091,18.091,0.00316475
18109,18.109,0.00316393
18127,18.127,0.00316311
18145,18.145,0.00316229
18164,18.164,0.00316142
18182,18.182,0.0031606
18200,18.2,0.00315978
18218,18.218,0.00315896
18236,18.236,0.00315814
18255,18.255,0.00315727
18273,18.273,0.00315645
18291,18.291,0.00315563
18309,18.309,0.00315481
18327,18.327,0.003154
18345,18.345,0.00315318
18364,18.364,0.00315231
18382,18.382,0.00315149
18400,18.4,0.00315067
18418,18.418,0.00314985
18436,18.436,0.00314903
18455,18.455,0.00314817
18473,18.473,0.00314735
18491,18.491,0.00314653
18509,18.509,0.00314571
18527,18.527,0.00314489
18545,18.545,0.00314407
18564,18.564,0.00314321
18582,18.582,0.00314239
18600,18.6,0.00314157
18618,18.618,0.00314075
18636,18.636,0.00313993
18655,18.655,0.00313907
18673,18.673,0.00313825
18691,18.691,0.00313743
18709,18.709,0.00313661
18727,18.727,0.00313579
18745,18.745,0.00313498
18764,18.764,0.00313411
18782,18.782,0.00313329
18800,18.8,0.00313248
18818,18.818,0.00313166
18836,18.836,0.00313084
18855,18.855,0.00312998
18873,18.873,0.00312916
18891,18.891,0.00312834
18909,18.909,0.00312752
18927,18.927,0.00312671
18945,18.945,0.00312589
18964,18.964,0.00312503
18982,18.982,0.00312421
19000,19,0.00312339
19018,19.018,0.00312257
19036,19.036,0.00312176
19055,19.055,0.00312089
19073,19.073,0.00312008
19091,19.091,0.00311926
19109,19.109,0.00311844
19127,19.127,0.00311763
19145,19.145,0.00311681
19164,19.164,0.00311595
19182,19.182,0.00311513
19200,19.2,0.00311431
19218,19.218,0.0031135
19236,19.236,0.00311268
19255,19.255,0.00311182
19273,19.273,0.003111
19291,19.291,0.00311019
19309,19.309,0.00310937
19327,19.327,0.00310856
19345,19.345,0.00310774
19364,19.364,0.00310688
19382,19.382,0.00310606
19400,19.4,0.00310525
19418,19.418,0.00310443
19436,19.436,0.00310362
19455,19.455,0.00310275
19473,19.473,0.00310194
19491,19.491,0.00310112
19509,19.509,0.00310031
19527,19.527,0.00309949
19545,19.545,0.00309868
19564,19.564,0.00309782
19582,19.582,0.003097
19600,19.6,0.00309619
19618,19.618,0.00309537
19636,19.636,0.00309456
19655,19.655,0.0030937
19673,19.673,0.00309288
19691,19.691,0.00309207
19709,19.709,0.00309126
19727,19.727,0.00309044
19745,19.745,0.00308963
19764,19.764,0.00308877
19782,19.782,0.00308795
19800,19.8,0.00308714
19818,19.818,0.00308633
19836,19.836,0.00308551
19855,19.855,0.00308465
19873,19.873,0.00308384
19891,19.891,0.00308303
19909,19.909,0.00308221
19927,19.927,0.0030814
19945,19.945,0.00308059
19964,19.964,0.00307973
19982,19.982,0.00307891
20000,20,0.0030781
20018,20.018,0.00307729
20036,20.036,0.00307648
20055,20.055,0.00307562
20073,20.073,0.0030748
20091,20.091,0.00307399
20109,20.109,0.00307318
20127,20.127,0.00307237
20145,20.145,0.00307155
20164,20.164,0.0030707
20182,20.182,0.00306989
20200,20.2,0.00306907
20218,20.218,0.00306826
20236,20.236,0.00306745
20255,20.255,0.00306659
20273,20.273,0.00306578
20291,20.291,0.00306497
20309,20.309,0.00306416
20327,20.327,0.00306335
20345,20.345,0.00306253
20364,20.364,0.00306168
20382,20.382,0.00306087
20400,20.4,0.00306006
20418,20.418,0.00305924
20436,20.436,0.00305843
20455,20.455,0.00305758
20473,20.473,0.00305677
20491,20.491,0.00305596
20509,20.509,0.00305515
20527,20.527,0.00305434
20545,20.545,0.00305353
20564,20.564,0.00305267
20582,20.582,0.00305186
20600,20.6,0.00305105
20618,20.618,0.00305024
20636,20.636,0.00304943
20655,20.655,0.00304858
20673,20.673,0.00304777
20691,20.691,0.00304696
20709,20.709,0.00304615
20727,20.727,0.00304534
20745,20.745,0.00304453
20764,20.764,0.00304367
20782,20.782,0.00304287
20800,20.8,0.00304206
20818,20.818,0.00304125
20836,20.836,0.00304044
20855,20.855,0.00303959
20873,20.873,0.00303878
20891,20.891,0.00303797
20909,20.909,0.00303716
20927,20.927,0.00303635
20945,20.945,0.00303554
20964,20.964,0.00303469
20982,20.982,0.00303388
21000,21,0.00303308
21018,21.018,0.00303227
21036,21.036,0.00303146
21055,21.055,0.00303061
21073,21.073,0.0030298
21091,21.091,0.00302899
21109,21.109,0.00302819
21127,21.127,0.00302738
21145,21.145,0.00302657
21164,21.164,0.00302572
21182,21.182,0.00302491
21200,21.2,0.00302411
21218,21.218,0.0030233
21236,21.236,0.00302249
21255,21.255,0.00302164
21273,21.273,0.00302084
21291,21.291,0.00302003
21309,21.309,0.00301922
21327,21.327,0.00301842
21345,21.345,0.00301761
21364,21.364,0.00301676
21382,21.382,0.00301596
21400,21.4,0.00301515
21418,21.418,0.00301435
21436,21.436,0.00301354
21455,21.455,0.00301269
21473,21.473,0.00301189
21491,21.491,0.00301108
21509,21.509,0.00301028
21527,21.527,0.00300947
21545,21.545,0.00300867
21564,21.564,0.00300782
21582,21.582,0.00300701
21600,21.6,0.00300621
21618,21.618,0.0030054
21636,21.636,0.0030046
21655,21.655,0.00300375
21673,21.673,0.00300295
21691,21.691,0.00300214
21709,21.709,0.00300134
21727,21.727,0.00300054
21745,21.745,0.00299973
21764,21.764,0.00299889
21782,21.782,0.00299808
21800,21.8,0.00299728
21818,21.818,0.00299648
21836,21.836,0.00299567
21855,21.855,0.00299483
21873,21.873,0.00299403
21891,21.891,0.00299322
21909,21.909,0.00299242
21927,21.927,0.00299162
21945,21.945,0.00299082
21964,21.964,0.00298997
21982,21.982,0.00298917
22000,22,0.00298837
22018,22.018,0.00298757
22036,22.036,0.00298676
22055,22.055,0.00298592
22073,22.073,0.00298512
22091,22.091,0.00298432
22109,22.109,0.00298352
22127,22.127,0.00298271
22145,22.145,0.00298191
22164,22.164,0.00298107
22182,22.182,0.00298027
22200,22.2,0.00297947
22218,22.218,0.00297867
22236,22.236,0.00297787
22255,22.255,0.00297702
22273,22.273,0.00297622
22291,22.291,0.00297542
22309,22.309,0.00297462
22327,22.327,0.00297383
22345,22.345,0.00297303
22364,22.364,0.00297218
22382,22.382,0.00297138
22400,22.4,0.00297058
22418,22.418,0.00296979
22436,22.436,0.00296899
22455,22.455,0.00296814
22473,22.473,0.00296735
22491,22.491,0.00296655
22509,22.509,0.00296575
22527,22.527,0.00296495
22545,22.545,0.00296415
22564,22.564,0.00296331
22582,22.582,0.00296251
22600,22.6,0.00296172
22618,22.618,0.00296092
22636,22.636,0.00296012
22655,22.655,0.00295928
22673,22.673,0.00295848
22691,22.691,0.00295769
22709,22.709,0.00295689
22727,22.727,0.00295609
22745,22.745,0.0029553
22764,22.764,0.00295446
22782,22.782,0.00295366
22800,22.8,0.00295287
22818,22.818,0.00295207
22836,22.836,0.00295127
22855,22.855,0.00295044
22873,22.873,0.00294964
22891,22.891,0.00294884
22909,22.909,0.00294805
22927,22.927,0.00294725
22945,22.945,0.00294646
22964,22.964,0.00294562
22982,22.982,0.00294483
23000,23,0.00294403
23018,23.018,0.00294324
23036,23.036,0.00294244
23055,23.055,0.00294161
23073,23.073,0.00294081
23091,23.091,0.00294002
23109,23.109,0.00293922
23127,23.127,0.00293843
23145,23.145,0.00293764
23164,23.164,0.0029368
23182,23.182,0.00293601
23200,23.2,0.00293521
23218,23.218,0.00293442
23236,23.236,0.00293363
23255,23.255,0.00293279
23273,23.273,0.002932
23291,23.291,0.00293121
23309,23.309,0.00293042
23327,23.327,0.00292963
23345,23.345,0.00292883
23364,23.364,0.002928
23382,23.382,0.00292721
23400,23.4,0.00292642
23418,23.418,0.00292562
23436,23.436,0.00292483
23455,23.455,0.002924
23473,23.473,0.00292321
23491,23.491,0.00292242
23509,23.509,0.00292163
23527,23.527,0.00292084
23545,23.545,0.00292005
23564,23.564,0.00291921
23582,23.582,0.00291842
23600,23.6,0.00291763
23618,23.618,0.00291684
23636,23.636,0.00291606
23655,23.655,0.00291522
23673,23.673,0.00291443
23691,23.691,0.00291364
23709,23.709,0.00291286
23727,23.727,0.00291207
23745,23.745,0.00291128
23764,23.764,0.00291045
23782,23.782,0.00290966
23800,23.8,0.00290887
23818,23.818,0.00290808
23836,23.836,0.0029073
23855,23.855,0.00290647
23873,23.873,0.00290568
23891,23.891,0.00290489
23909,23.909,0.0029041
23927,23.927,0.00290332
23945,23.945,0.00290253
23964,23.964,0.0029017
23982,23.982,0.00290091
24000,24,0.00290013
24018,24.018,0.00289934
24036,24.036,0.00289856
24055,24.055,0.00289773
24073,24.073,0.00289694
24091,24.091,0.00289616
24109,24.109,0.00289537
24127,24.127,0.00289459
24145,24.145,0.0028938
24164,24.164,0.00289297
24182,24.182,0.00289219
24200,24.2,0.0028914
24218,24.218,0.00289062
24236,24.236,0.00288984
24255,24.255,0.00288901
24273,24.273,0.00288823
24291,24.291,0.00288744
24309,24.309,0.00288666
24327,24.327,0.00288588
24345,24.345,0.00288509
24364,24.364,0.00288427
24382,24.382,0.00288348
24400,24.4,0.0028827
24418,24.418,0.00288192
24436,24.436,0.00288114
24455,24.455,0.00288031
24473,24.473,0.00287953
24491,24.491,0.00287875
24509,24.509,0.00287797
24527,24.527,0.00287719
24545,24.545,0.0028764
24564,24.564,0.00287558
24582,24.582,0.0028748
24600,24.6,0.00287402
24618,24.618,0.00287324
24636,24.636,0.00287246
24655,24.655,0.00287163
24673,24.673,0.00287085
24691,24.691,0.00287007
24709,24.709,0.0028693
24727,24.727,0.00286852
24745,24.745,0.00286774
24764,24.764,0.00286691
24782,24.782,0.00286614
24800,24.8,0.00286536
24818,24.818,0.00286458
24836,24.836,0.0028638
24855,24.855,0.00286298
24873,24.873,0.0028622
24891,24.891,0.00286142
24909,24.909,0.00286065
24927,24.927,0.00285987
24945,24.945,0.00285909
24964,24.964,0.00285827
24982,24.982,0.00285749
25000,25,0.00285672
25018,25.018,0.00285594
25036,25.036,0.00285516
25055,25.055,0.00285434
25073,25.073,0.00285357
25091,25.091,0.00285279
25109,25.109,0.00285202
25127,25.127,0.00285124
25145,25.145,0.00285047
25164,25.164,0.00284965
25182,25.182,0.00284887
25200,25.2,0.0028481
25218,25.218,0.00284732
25236,25.236,0.00284655
25255,25.255,0.00284573
25273,25.273,0.00284496
25291,25.291,0.00284419
25309,25.309,0.00284341
25327,25.327,0.00284264
25345,25.345,0.00284186
25364,25.364,0.00284105
25382,25.382,0.00284028
25400,25.4,0.0028395
25418,25.418,0.00283873
25436,25.436,0.00283796
25455,25.455,0.00283714
25473,25.473,0.00283637
25491,25.491,0.0028356
25509,25.509,0.00283483
25527,25.527,0.00283406
25545,25.545,0.00283329
25564,25.564,0.00283247
25582,25.582,0.0028317
25600,25.6,0.00283093
25618,25.618,0.00283016
25636,25.636,0.00282939
25655,25.655,0.00282858
25673,25.673,0.00282781
25691,25.691,0.00282704
25709,25.709,0.00282627
25727,25.727,0.0028255
25745,25.745,0.00282473
25764,25.764,0.00282392
25782,25.782,0.00282315
25800,25.8,0.00282238
25818,25.818,0.00282162
25836,25.836,0.00282085
25855,25.855,0.00282004
25873,25.873,0.00281927
25891,25.891,0.0028185
25909,25.909,0.00281773
25927,25.927,0.00281697
25945,25.945,0.0028162
25964,25.964,0.00281539
25982,25.982,0.00281463
26000,26,0.00281386
26018,26.018,0.00281309
26036,26.036,0.00281233
26055,26.055,0.00281152
26073,26.073,0.00281075
26091,26.091,0.00280999
26109,26.109,0.00280922
26127,26.127,0.00280846
26145,26.145,0.00280769
26164,26.164,0.00280689
26182,26.182,0.00280612
26200,26.2,0.00280536
26218,26.218,0.0028046
26236,26.236,0.00280383
26255,26.255,0.00280303
26273,26.273,0.00280226
26291,26.291,0.0028015
26309,26.309,0.00280074
26327,26.327,0.00279998
26345,26.345,0.00279921
26364,26.364,0.00279841
26382,26.382,0.00279765
26400,26.4,0.00279689
26418,26.418,0.00279612
26436,26.436,0.00279536
26455,26.455,0.00279456
26473,26.473,0.0027938
26491,26.491,0.00279304
26509,26.509,0.00279228
26527,26.527,0.00279152
26545,26.545,0.00279076
26564,26.564,0.00278996
26582,26.582,0.0027892
26600,26.6,0.00278844
26618,26.618,0.00278768
26636,26.636,0.00278692
26655,26.655,0.00278612
26673,26.673,0.00278536
26691,26.691,0.0027846
26709,26.709,0.00278384
26727,26.727,0.00278309
26745,26.745,0.00278233
26764,26.764,0.00278153
26782,26.782,0.00278077
26800,26.8,0.00278002
26818,26.818,0.00277926
26836,26.836,0.0027785
26855,26.855,0.0027777
26873,26.873,0.00277695
26891,26.891,0.00277619
26909,26.909,0.00277544
26927,26.927,0.00277468
26945,26.945,0.00277393
26964,26.964,0.00277313
26982,26.982,0.00277238
27000,27,0.00277162
27018,27.018,0.00277087
27036,27.036,0.00277011
27055,27.055,0.00276932
27073,27.073,0.00276856
27091,27.091,0.00276781
27109,27.109,0.00276706
27127,27.127,0.0027663
27145,27.145,0.00276555
27164,27.164,0.00276476
27182,27.182,0.00276401
27200,27.2,0.00276325
27218,27.218,0.0027625
27236,27.236,0.00276175
27255,27.255,0.00276096
27273,27.273,0.00276021
27291,27.291,0.00275946
27309,27.309,0.00275871
27327,27.327,0.00275796
27345,27.345,0.00275721
27364,27.364,0.00275641
27382,27.382,0.00275566
27400,27.4,0.00275491
27418,27.418,0.00275417
27436,27.436,0.00275342
27455,27.455,0.00275263
27473,27.473,0.00275188
27491,27.491,0.00275113
27509,27.509,0.00275038
27527,27.527,0.00274963
27545,27.545,0.00274889
27564,27.564,0.0027481
27582,27.582,0.00274735
27600,27.6,0.0027466
27618,27.618,0.00274586
27636,27.636,0.00274511
27655,27.655,0.00274432
27673,27.673,0.00274358
27691,27.691,0.00274283
27709,27.709,0.00274209
27727,27.727,0.00274134
27745,27.745,0.0027406
27764,27.764,0.00273981
27782,27.782,0.00273907
27800,27.8,0.00273832
27818,27.818,0.00273758
27836,27.836,0.00273684
27855,27.855,0.00273605
27873,27.873,0.00273531
27891,27.891,0.00273456
27909,27.909,0.00273382
27927,27.927,0.00273308
27945,27.945,0.00273234
27964,27.964,0.00273155
27982,27.982,0.00273081
28000,28,0.00273007
28018,28.018,0.00272933
28036,28.036,0.00272859
28055,28.055,0.00272781
28073,28.073,0.00272707
28091,28.091,0.00272633
28109,28.109,0.00272559
28127,28.127,0.00272485
28145,28.145,0.00272411
28164,28.164,0.00272333
28182,28.182,0.00272259
28200,28.2,0.00272185
28218,28.218,0.00272111
28236,28.236,0.00272037
28255,28.255,0.00271959
28273,28.273,0.00271886
28291,28.291,0.00271812
28309,28.309,0.00271738
28327,28.327,0.00271664
28345,28.345,0.00271591
28364,28.364,0.00271513
28382,28.382,0.00271439
28400,28.4,0.00271366
28418,28.418,0.00271292
28436,28.436,0.00271219
28455,28.455,0.00271141
28473,28.473,0.00271068
28491,28.491,0.00270994
28509,28.509,0.00270921
28527,28.527,0.00270847
28545,28.545,0.00270774
28564,28.564,0.00270697
28582,28.582,0.00270623
28600,28.6,0.0027055
28618,28.618,0.00270477
28636,28.636,0.00270403
28655,28.655,0.00270326
28673,28.673,0.00270253
28691,28.691,0.0027018
28709,28.709,0.00270107
28727,28.727,0.00270033
28745,28.745,0.0026996
28764,28.764,0.00269883
28782,28.782,0.0026981
28800,28.8,0.00269737
28818,28.818,0.00269664
28836,28.836,0.00269591
28855,28.855,0.00269514
28873,28.873,0.00269441
28891,28.891,0.00269368
28909,28.909,0.00269296
28927,28.927,0.00269223
28945,28.945,0.0026915
28964,28.964,0.00269073
28982,28.982,0.00269
29000,29,0.00268928
29018,29.018,0.00268855
29036,29.036,0.00268782
29055,29.055,0.00268706
29073,29.073,0.00268633
29091,29.091,0.00268561
29109,29.109,0.00268488
29127,29.127,0.00268415
29145,29.145,0.00268343
29164,29.164,0.00268266
29182,29.182,0.00268194
29200,29.2,0.00268122
29218,29.218,0.00268049
29236,29.236,0.00267977
29255,29.255,0.00267901
29273,29.273,0.00267828
29291,29.291,0.00267756
29309,29.309,0.00267684
29327,29.327,0.00267611
29345,29.345,0.00267539
29364,29.364,0.00267463
29382,29.382,0.00267391
29400,29.4,0.00267319
29418,29.418,0.00267247
29436,29.436,0.00267175
29455,29.455,0.00267099
29473,29.473,0.00267027
29491,29.491,0.00266955
29509,29.509,0.00266883
29527,29.527,0.00266811
29545,29.545,0.00266739
29564,29.564,0.00266663
29582,29.582,0.00266591
29600,29.6,0.0026652
29618,29.618,0.00266448
29636,29.636,0.00266376
29655,29.655,0.002663
29673,29.673,0.00266229
29691,29.691,0.00266157
29709,29.709,0.00266085
29727,29.727,0.00266014
29745,29.745,0.00265942
29764,29.764,0.00265867
29782,29.782,0.00265795
29800,29.8,0.00265724
29818,29.818,0.00265652
29836,29.836,0.00265581
29855,29.855,0.00265505
29873,29.873,0.00265434
29891,29.891,0.00265363
29909,29.909,0.00265291
29927,29.927,0.0026522
29945,29.945,0.00265149
29964,29.964,0.00265074
29982,29.982,0.00265003
30000,30,0.00264931
30018,30.018,0.0026486
30036,30.036,0.00264789
30055,30.055,0.00264714
30073,30.073,0.00264643
30091,30.091,0.00264572
30109,30.109,0.00264501
30127,30.127,0.0026443
30145,30.145,0.00264359
30164,30.164,0.00264284
30182,30.182,0.00264214
30200,30.2,0.00264143
30218,30.218,0.00264072
30236,30.236,0.00264001
30255,30.255,0.00263927
30273,30.273,0.00263856
30291,30.291,0.00263785
30309,30.309,0.00263714
30327,30.327,0.00263644
30345,30.345,0.00263573
30364,30.364,0.00263499
30382,30.382,0.00263428
30400,30.4,0.00263358
30418,30.418,0.00263287
30436,30.436,0.00263217
30455,30.455,0.00263143
30473,30.473,0.00263072
30491,30.491,0.00263002
30509,30.509,0.00262932
30527,30.527,0.00262861
30545,30.545,0.00262791
30564,30.564,0.00262717
30582,30.582,0.00262647
30600,30.6,0.00262577
30618,30.618,0.00262506
30636,30.636,0.00262436
30655,30.655,0.00262362
30673,30.673,0.00262292
30691,30.691,0.00262222
30709,30.709,0.00262152
30727,30.727,0.00262082
30745,30.745,0.00262013
30764,30.764,0.00261939
30782,30.782,0.00261869
30800,30.8,0.00261799
30818,30.818,0.00261729
30836,30.836,0.0026166
30855,30.855,0.00261586
30873,30.873,0.00261516
30891,30.891,0.00261447
30909,30.909,0.00261377
30927,30.927,0.00261307
30945,30.945,0.00261238
30964,30.964,0.00261164
30982,30.982,0.00261095
31000,31,0.00261026
31018,31.018,0.00260956
31036,31.036,0.00260887
31055,31.055,0.00260813
31073,31.073,0.00260744
31091,31.091,0.00260675
31109,31.109,0.00260606
31127,31.127,0.00260536
31145,31.145,0.00260467
31164,31.164,0.00260394
31182,31.182,0.00260325
31200,31.2,0.00260256
31218,31.218,0.00260187
31236,31.236,0.00260118
31255,31.255,0.00260045
31273,31.273,0.00259976
31291,31.291,0.00259907
31309,31.309,0.00259838
31327,31.327,0.00259769
31345,31.345,0.002597
31364,31.364,0.00259628
31382,31.382,0.00259559
31400,31.4,0.0025949
31418,31.418,0.00259422
31436,31.436,0.00259353
31455,31.455,0.0025928
31473,31.473,0.00259212
31491,31.491,0.00259143
31509,31.509,0.00259075
31527,31.527,0.00259006
31545,31.545,0.00258938
31564,31.564,0.00258865
31582,31.582,0.00258797
31600,31.6,0.00258729
31618,31.618,0.0025866
31636,31.636,0.00258592
31655,31.655,0.0025852
31673,31.673,0.00258452
31691,31.691,0.00258383
31709,31.709,0.00258315
31727,31.727,0.00258247
31745,31.745,0.00258179
31764,31.764,0.00258107
31782,31.782,0.00258039
31800,31.8,0.00257971
31818,31.818,0.00257903
31836,31.836,0.00257835
31855,31.855,0.00257764
31873,31.873,0.00257696
31891,31.891,0.00257628
31909,31.909,0.0025756
31927,31.927,0.00257492
31945,31.945,0.00257425
31964,31.964,0.00257353
31982,31.982,0.00257285
32000,32,0.00257218
32018,32.018,0.0025715
32036,32.036,0.00257083
32055,32.055,0.00257011
32073,32.073,0.00256944
32091,32.091,0.00256876
32109,32.109,0.00256809
32127,32.127,0.00256742
32145,32.145,0.00256674
32164,32.164,0.00256603
32182,32.182,0.00256536
32200,32.2,0.00256469
32218,32.218,0.00256402
32236,32.236,0.00256334
32255,32.255,0.00256264
32273,32.273,0.00256196
32291,32.291,0.00256129
32309,32.309,0.00256062
32327,32.327,0.00255995
32345,32.345,0.00255928
32364,32.364,0.00255858
32382,32.382,0.00255791
32400,32.4,0.00255724
32418,32.418,0.00255657
32436,32.436,0.0025559
32455,32.455,0.0025552
32473,32.473,0.00255453
32491,32.491,0.00255387
32509,32.509,0.0025532
32527,32.527,0.00255253
32545,32.545,0.00255187
32564,32.564,0.00255117
32582,32.582,0.0025505
32600,32.6,0.00254984
32618,32.618,0.00254917
32636,32.636,0.00254851
32655,32.655,0.00254781
32673,32.673,0.00254715
32691,32.691,0.00254648
32709,32.709,0.00254582
32727,32.727,0.00254516
32745,32.745,0.0025445
32764,32.764,0.0025438
32782,32.782,0.00254314
32800,32.8,0.00254248
32818,32.818,0.00254182
32836,32.836,0.00254116
32855,32.855,0.00254046
32873,32.873,0.0025398
32891,32.891,0.00253914
32909,32.909,0.00253849
32927,32.927,0.00253783
32945,32.945,0.00253717
32964,32.964,0.00253648
32982,32.982,0.00253582
33000,33,0.00253516
33018,33.018,0.00253451
33036,33.036,0.00253385
33055,33.055,0.00253316
33073,33.073,0.0025325
33091,33.091,0.00253185
33109,33.109,0.0025312
33127,33.127,0.00253054
33145,33.145,0.00252989
33164,33.164,0.0025292
33182,33.182,0.00252855
33200,33.2,0.00252789
33218,33.218,0.00252724
33236,33.236,0.00252659
33255,33.255,0.0025259
33273,33.273,0.00252525
33291,33.291,0.0025246
33309,33.309,0.00252395
33327,33.327,0.0025233
33345,33.345,0.00252265
33364,33.364,0.00252197
33382,33.382,0.00252132
33400,33.4,0.00252067
33418,33.418,0.00252002
33436,33.436,0.00251938
33455,33.455,0.00251869
33473,33.473,0.00251805
33491,33.491,0.0025174
33509,33.509,0.00251676
33527,33.527,0.00251611
33545,33.545,0.00251547
33564,33.564,0.00251478
33582,33.582,0.00251414
33600,33.6,0.0025135
33618,33.618,0.00251285
33636,33.636,0.00251221
33655,33.655,0.00251153
33673,33.673,0.00251089
33691,33.691,0.00251025
33709,33.709,0.00250961
33727,33.727,0.00250896
33745,33.745,0.00250832
33764,33.764,0.00250765
33782,33.782,0.00250701
33800,33.8,0.00250637
33818,33.818,0.00250573
33836,33.836,0.00250509
33855,33.855,0.00250442
33873,33.873,0.00250378
33891,33.891,0.00250314
33909,33.909,0.0025025
33927,33.927,0.00250187
33945,33.945,0.00250123
33964,33.964,0.00250056
33982,33.982,0.00249992
34000,34,0.00249929
34018,34.018,0.00249865
34036,34.036,0.00249802
34055,34.055,0.00249735
34073,34.073,0.00249672
34091,34.091,0.00249608
34109,34.109,0.00249545
34127,34.127,0.00249482
34145,34.145,0.00249419
34164,34.164,0.00249352
34182,34.182,0.00249289
34200,34.2,0.00249226
34218,34.218,0.00249163
34236,34.236,0.002491
34255,34.255,0.00249033
34273,34.273,0.00248971
34291,34.291,0.00248908
34309,34.309,0.00248845
34327,34.327,0.00248782
34345,34.345,0.00248719
34364,34.364,0.00248653
34382,34.382,0.0024859
34400,34.4,0.00248528
34418,34.418,0.00248465
34436,34.436,0.00248403
34455,34.455,0.00248337
34473,34.473,0.00248274
34491,34.491,0.00248212
34509,34.509,0.0024815
34527,34.527,0.00248087
34545,34.545,0.00248025
34564,34.564,0.00247959
34582,34.582,0.00247897
34600,34.6,0.00247835
34618,34.618,0.00247773
34636,34.636,0.00247711
34655,34.655,0.00247645
34673,34.673,0.00247583
34691,34.691,0.00247521
34709,34.709,0.00247459
34727,34.727,0.00247397
34745,34.745,0.00247336
34764,34.764,0.0024727
34782,34.782,0.00247209
34800,34.8,0.00247147
34818,34.818,0.00247085
34836,34.836,0.00247024
34855,34.855,0.00246959
34873,34.873,0.00246897
34891,34.891,0.00246836
34909,34.909,0.00246774
34927,34.927,0.00246713
34945,34.945,0.00246651
34964,34.964,0.00246587
34982,34.982,0.00246525
35000,35,0.00246464
35018,35.018,0.00246403
35036,35.036,0.00246342
35055,35.055,0.00246277
35073,35.073,0.00246216
35091,35.091,0.00246155
35109,35.109,0.00246094
35127,35.127,0.00246033
35145,35.145,0.00245972
35164,35.164,0.00245908
35182,35.182,0.00245847
35200,35.2,0.00245787
35218,35.218,0.00245726
35236,35.236,0.00245665
35255,35.255,0.00245601
35273,35.273,0.00245541
35291,35.291,0.0024548
35309,35.309,0.0024542
35327,35.327,0.00245359
35345,35.345,0.00245299
35364,35.364,0.00245235
35382,35.382,0.00245175
35400,35.4,0.00245114
35418,35.418,0.00245054
35436,35.436,0.00244994
35455,35.455,0.0024493
35473,35.473,0.0024487
35491,35.491,0.0024481
35509,35.509,0.0024475
35527,35.527,0.0024469
35545,35.545,0.0024463
35564,35.564,0.00244567
35582,35.582,0.00244507
35600,35.6,0.00244448
35618,35.618,0.00244388
35636,35.636,0.00244328
35655,35.655,0.00244265
35673,35.673,0.00244206
35691,35.691,0.00244146
35709,35.709,0.00244086
35727,35.727,0.00244027
35745,35.745,0.00243968
35764,35.764,0.00243905
35782,35.782,0.00243845
35800,35.8,0.00243786
35818,35.818,0.00243727
35836,35.836,0.00243668
35855,35.855,0.00243605
35873,35.873,0.00243546
35891,35.891,0.00243487
35909,35.909,0.00243428
35927,35.927,0.00243369
35945,35.945,0.0024331
35964,35.964,0.00243248
35982,35.982,0.00243189
36000,36,0.0024313
36018,36.018,0.00243072
36036,36.036,0.00243013
36055,36.055,0.00242951
36073,36.073,0.00242892
36091,36.091,0.00242834
36109,36.109,0.00242775
36127,36.127,0.00242717
36145,36.145,0.00242658
36164,36.164,0.00242597
36182,36.182,0.00242538
36200,36.2,0.0024248
36218,36.218,0.00242422
36236,36.236,0.00242364
36255,36.255,0.00242302
36273,36.273,0.00242244
36291,36.291,0.00242186
36309,36.309,0.00242128
36327,36.327,0.0024207
36345,36.345,0.00242012
36364,36.364,0.00241951
36382,36.382,0.00241893
36400,36.4,0.00241835
36418,36.418,0.00241778
36436,36.436,0.0024172
36455,36.455,0.00241659
36473,36.473,0.00241601
36491,36.491,0.00241544
36509,36.509,0.00241486
36527,36.527,0.00241429
36545,36.545,0.00241371
36564,36.564,0.00241311
36582,36.582,0.00241254
36600,36.6,0.00241196
36618,36.618,0.00241139
36636,36.636,0.00241082
36655,36.655,0.00241022
36673,36.673,0.00240965
36691,36.691,0.00240908
36709,36.709,0.00240851
36727,36.727,0.00240794
36745,36.745,0.00240737
36764,36.764,0.00240677
36782,36.782,0.0024062
36800,36.8,0.00240563
36818,36.818,0.00240506
36836,36.836,0.0024045
36855,36.855,0.0024039
36873,36.873,0.00240334
36891,36.891,0.00240277
36909,36.909,0.00240221
36927,36.927,0.00240164
36945,36.945,0.00240108
36964,36.964,0.00240048
36982,36.982,0.00239992
37000,37,0.00239936
37018,37.018,0.0023988
37036,37.036,0.00239824
37055,37.055,0.00239764
37073,37.073,0.00239708
37091,37.091,0.00239652
37109,37.109,0.00239596
37127,37.127,0.00239541
37145,37.145,0.00239485
37164,37.164,0.00239426
37182,37.182,0.0023937
37200,37.2,0.00239314
37218,37.218,0.00239259
37236,37.236,0.00239203
37255,37.255,0.00239145
37273,37.273,0.00239089
37291,37.291,0.00239034
37309,37.309,0.00238978
37327,37.327,0.00238923
37345,37.345,0.00238868
37364,37.364,0.00238809
37382,37.382,0.00238754
37400,37.4,0.00238699
37418,37.418,0.00238644
37436,37.436,0.00238589
37455,37.455,0.00238531
37473,37.473,0.00238476
37491,37.491,0.00238421
37509,37.509,0.00238366
37527,37.527,0.00238311
37545,37.545,0.00238257
37564,37.564,0.00238199
37582,37.582,0.00238144
37600,37.6,0.0023809
37618,37.618,0.00238035
37636,37.636,0.00237981
37655,37.655,0.00237923
37673,37.673,0.00237869
37691,37.691,0.00237815
37709,37.709,0.0023776
37727,37.727,0.00237706
37745,37.745,0.00237652
37764,37.764,0.00237595
37782,37.782,0.00237541
37800,37.8,0.00237487
37818,37.818,0.00237433
37836,37.836,0.00237379
37855,37.855,0.00237322
37873,37.873,0.00237268
37891,37.891,0.00237214
37909,37.909,0.0023716
37927,37.927,0.00237107
37945,37.945,0.00237053
37964,37.964,0.00236997
37982,37.982,0.00236943
38000,38,0.00236889
38018,38.018,0.00236836
38036,38.036,0.00236783
38055,38.055,0.00236726
38073,38.073,0.00236673
38091,38.091,0.0023662
38109,38.109,0.00236567
38127,38.127,0.00236514
38145,38.145,0.00236461
38164,38.164,0.00236405
38182,38.182,0.00236352
38200,38.2,0.00236299
38218,38.218,0.00236246
38236,38.236,0.00236193
38255,38.255,0.00236137
38273,38.273,0.00236085
38291,38.291,0.00236032
38309,38.309,0.00235979
38327,38.327,0.00235927
38345,38.345,0.00235874
38364,38.364,0.00235819
38382,38.382,0.00235767
38400,38.4,0.00235714
38418,38.418,0.00235662
38436,38.436,0.0023561
38455,38.455,0.00235555
38473,38.473,0.00235503
38491,38.491,0.00235451
38509,38.509,0.00235398
38527,38.527,0.00235347
38545,38.545,0.00235295
38564,38.564,0.0023524
38582,38.582,0.00235188
38600,38.6,0.00235136
38618,38.618,0.00235085
38636,38.636,0.00235033
38655,38.655,0.00234978
38673,38.673,0.00234927
38691,38.691,0.00234875
38709,38.709,0.00234824
38727,38.727,0.00234773
38745,38.745,0.00234721
38764,38.764,0.00234667
38782,38.782,0.00234616
38800,38.8,0.00234565
38818,38.818,0.00234514
38836,38.836,0.00234463
38855,38.855,0.00234409
38873,38.873,0.00234358
38891,38.891,0.00234307
38909,38.909,0.00234256
38927,38.927,0.00234205
38945,38.945,0.00234154
38964,38.964,0.00234101
38982,38.982,0.0023405
39000,39,0.00234
39018,39.018,0.00233949
39036,39.036,0.00233899
39055,39.055,0.00233846
39073,39.073,0.00233795
39091,39.091,0.00233745
39109,39.109,0.00233695
39127,39.127,0.00233644
39145,39.145,0.00233594
39164,39.164,0.00233541
39182,39.182,0.00233491
39200,39.2,0.00233441
39218,39.218,0.00233391
39236,39.236,0.00233342
39255,39.255,0.00233289
39273,39.273,0.00233239
39291,39.291,0.00233189
39309,39.309,0.0023314
39327,39.327,0.0023309
39345,39.345,0.00233041
39364,39.364,0.00232988
39382,39.382,0.00232939
39400,39.4,0.0023289
39418,39.418,0.0023284
39436,39.436,0.00232791
39455,39.455,0.00232739
39473,39.473,0.0023269
39491,39.491,0.00232641
39509,39.509,0.00232592
39527,39.527,0.00232543
39545,39.545,0.00232494
39564,39.564,0.00232442
39582,39.582,0.00232393
39600,39.6,0.00232345
39618,39.618,0.00232296
39636,39.636,0.00232247
39655,39.655,0.00232196
39673,39.673,0.00232147
39691,39.691,0.00232099
39709,39.709,0.0023205
39727,39.727,0.00232002
39745,39.745,0.00231954
39764,39.764,0.00231903
39782,39.782,0.00231855
39800,39.8,0.00231806
39818,39.818,0.00231758
39836,39.836,0.0023171
39855,39.855,0.0023166
39873,39.873,0.00231612
39891,39.891,0.00231564
39909,39.909,0.00231516
39927,39.927,0.00231468
39945,39.945,0.00231421
39964,39.964,0.0023137
39982,39.982,0.00231323
40000,40,0.00231275
40018,40.018,0.00231228
40036,40.036,0.0023118
40055,40.055,0.0023113
40073,40.073,0.00231083
40091,40.091,0.00231036
40109,40.109,0.00230988
40127,40.127,0.00230941
40145,40.145,0.00230894
40164,40.164,0.00230845
40182,40.182,0.00230798
40200,40.2,0.00230751
40218,40.218,0.00230704
40236,40.236,0.00230657
40255,40.255,0.00230608
40273,40.273,0.00230561
40291,40.291,0.00230514
40309,40.309,0.00230468
40327,40.327,0.00230421
40345,40.345,0.00230375
40364,40.364,0.00230326
40382,40.382,0.0023028
40400,40.4,0.00230233
40418,40.418,0.00230187
40436,40.436,0.00230141
40455,40.455,0.00230092
40473,40.473,0.00230046
40491,40.491,0.0023
40509,40.509,0.00229954
40527,40.527,0.00229909
40545,40.545,0.00229863
40564,40.564,0.00229814
40582,40.582,0.00229769
40600,40.6,0.00229723
40618,40.618,0.00229678
40636,40.636,0.00229632
40655,40.655,0.00229584
40673,40.673,0.00229539
40691,40.691,0.00229493
40709,40.709,0.00229448
40727,40.727,0.00229403
40745,40.745,0.00229358
40764,40.764,0.0022931
40782,40.782,0.00229265
40800,40.8,0.0022922
40818,40.818,0.00229175
40836,40.836,0.0022913
40855,40.855,0.00229083
40873,40.873,0.00229038
40891,40.891,0.00228993
40909,40.909,0.00228949
40927,40.927,0.00228904
40945,40.945,0.0022886
40964,40.964,0.00228813
40982,40.982,0.00228768
41000,41,0.00228724
41018,41.018,0.0022868
41036,41.036,0.00228635
41055,41.055,0.00228589
41073,41.073,0.00228545
41091,41.091,0.00228501
41109,41.109,0.00228457
41127,41.127,0.00228413
41145,41.145,0.00228369
41164,41.164,0.00228323
41182,41.182,0.00228279
41200,41.2,0.00228235
41218,41.218,0.00228192
41236,41.236,0.00228148
41255,41.255,0.00228102
41273,41.273,0.00228059
41291,41.291,0.00228015
41309,41.309,0.00227972
41327,41.327,0.00227929
41345,41.345,0.00227886
41364,41.364,0.0022784
41382,41.382,0.00227797
41400,41.4,0.00227754
41418,41.418,0.00227711
41436,41.436,0.00227668
41455,41.455,0.00227623
41473,41.473,0.0022758
41491,41.491,0.00227537
41509,41.509,0.00227495
41527,41.527,0.00227452
41545,41.545,0.0022741
41564,41.564,0.00227365
41582,41.582,0.00227322
41600,41.6,0.0022728
41618,41.618,0.00227238
41636,41.636,0.00227196
41655,41.655,0.00227151
41673,41.673,0.00227109
41691,41.691,0.00227067
41709,41.709,0.00227025
41727,41.727,0.00226983
41745,41.745,0.00226941
41764,41.764,0.00226897
41782,41.782,0.00226855
41800,41.8,0.00226814
41818,41.818,0.00226772
41836,41.836,0.0022673
41855,41.855,0.00226687
41873,41.873,0.00226645
41891,41.891,0.00226604
41909,41.909,0.00226562
41927,41.927,0.00226521
41945,41.945,0.0022648
41964,41.964,0.00226437
41982,41.982,0.00226396
42000,42,0.00226355
42018,42.018,0.00226314
42036,42.036,0.00226273
42055,42.055,0.0022623
42073,42.073,0.00226189
42091,42.091,0.00226148
42109,42.109,0.00226108
42127,42.127,0.00226067
42145,42.145,0.00226027
42164,42.164,0.00225984
42182,42.182,0.00225944
42200,42.2,0.00225903
42218,42.218,0.00225863
42236,42.236,0.00225823
42255,42.255,0.0022578
42273,42.273,0.0022574
42291,42.291,0.002257
42309,42.309,0.0022566
42327,42.327,0.00225621
42345,42.345,0.00225581
42364,42.364,0.00225539
42382,42.382,0.00225499
42400,42.4,0.00225459
42418,42.418,0.0022542
42436,42.436,0.0022538
42455,42.455,0.00225339
42473,42.473,0.00225299
42491,42.491,0.0022526
42509,42.509,0.00225221
42527,42.527,0.00225182
42545,42.545,0.00225143
42564,42.564,0.00225101
42582,42.582,0.00225062
42600,42.6,0.00225023
42618,42.618,0.00224985
42636,42.636,0.00224946
42655,42.655,0.00224905
42673,42.673,0.00224866
42691,42.691,0.00224828
42709,42.709,0.00224789
42727,42.727,0.00224751
42745,42.745,0.00224712
42764,42.764,0.00224672
42782,42.782,0.00224633
42800,42.8,0.00224595
42818,42.818,0.00224557
42836,42.836,0.00224519
42855,42.855,0.00224479
42873,42.873,0.00224441
42891,42.891,0.00224403
42909,42.909,0.00224365
42927,42.927,0.00224327
42945,42.945,0.0022429
42964,42.964,0.0022425
42982,42.982,0.00224212
43000,43,0.00224175
43018,43.018,0.00224137
43036,43.036,0.002241
43055,43.055,0.00224061
43073,43.073,0.00224023
43091,43.091,0.00223986
43109,43.109,0.00223949
43127,43.127,0.00223912
43145,43.145,0.00223875
43164,43.164,0.00223836
43182,43.182,0.00223799
43200,43.2,0.00223762
43218,43.218,0.00223726
43236,43.236,0.00223689
43255,43.255,0.0022365
43273,43.273,0.00223614
43291,43.291,0.00223577
43309,43.309,0.00223541
43327,43.327,0.00223505
43345,43.345,0.00223468
43364,43.364,0.0022343
43382,43.382,0.00223394
43400,43.4,0.00223358
43418,43.418,0.00223322
43436,43.436,0.00223286
43455,43.455,0.00223248
43473,43.473,0.00223212
43491,43.491,0.00223176
43509,43.509,0.00223141
43527,43.527,0.00223105
43545,43.545,0.00223069
43564,43.564,0.00223032
43582,43.582,0.00222997
43600,43.6,0.00222961
43618,43.618,0.00222926
43636,43.636,0.00222891
43655,43.655,0.00222854
43673,43.673,0.00222818
43691,43.691,0.00222783
43709,43.709,0.00222748
43727,43.727,0.00222714
43745,43.745,0.00222679
43764,43.764,0.00222642
43782,43.782,0.00222607
43800,43.8,0.00222573
43818,43.818,0.00222538
43836,43.836,0.00222504
43855,43.855,0.00222467
43873,43.873,0.00222433
43891,43.891,0.00222399
43909,43.909,0.00222364
43927,43.927,0.0022233
43945,43.945,0.00222296
43964,43.964,0.0022226
43982,43.982,0.00222226
44000,44,0.00222192
44018,44.018,0.00222158
44036,44.036,0.00222125
44055,44.055,0.00222089
44073,44.073,0.00222056
44091,44.091,0.00222022
44109,44.109,0.00221988
44127,44.127,0.00221955
44145,44.145,0.00221922
44164,44.164,0.00221887
44182,44.182,0.00221853
44200,44.2,0.0022182
44218,44.218,0.00221787
44236,44.236,0.00221754
44255,44.255,0.00221719
44273,44.273,0.00221686
44291,44.291,0.00221653
44309,44.309,0.00221621
44327,44.327,0.00221588
44345,44.345,0.00221555
44364,44.364,0.00221521
44382,44.382,0.00221489
44400,44.4,0.00221456
44418,44.418,0.00221424
44436,44.436,0.00221392
44455,44.455,0.00221358
44473,44.473,0.00221325
44491,44.491,0.00221293
44509,44.509,0.00221261
44527,44.527,0.00221229
44545,44.545,0.00221197
44564,44.564,0.00221164
44582,44.582,0.00221132
44600,44.6,0.002211
44618,44.618,0.00221069
44636,44.636,0.00221037
44655,44.655,0.00221004
44673,44.673,0.00220973
44691,44.691,0.00220941
44709,44.709,0.0022091
44727,44.727,0.00220879
44745,44.745,0.00220848
44764,44.764,0.00220815
44782,44.782,0.00220784
44800,44.8,0.00220753
44818,44.818,0.00220722
44836,44.836,0.00220691
44855,44.855,0.00220659
44873,44.873,0.00220628
44891,44.891,0.00220598
44909,44.909,0.00220567
44927,44.927,0.00220537
44945,44.945,0.00220507
44964,44.964,0.00220475
44982,44.982,0.00220444
45000,45,0.00220414
45018,45.018,0.00220384
45036,45.036,0.00220354
45055,45.055,0.00220322
45073,45.073,0.00220293
45091,45.091,0.00220263
45109,45.109,0.00220233
45127,45.127,0.00220203
45145,45.145,0.00220174
45164,45.164,0.00220142
45182,45.182,0.00220113
45200,45.2,0.00220084
45218,45.218,0.00220054
45236,45.236,0.00220025
45255,45.255,0.00219994
45273,45.273,0.00219965
45291,45.291,0.00219936
45309,45.309,0.00219907
45327,45.327,0.00219878
45345,45.345,0.00219849
45364,45.364,0.00219819
45382,45.382,0.0021979
45400,45.4,0.00219762
45418,45.418,0.00219733
45436,45.436,0.00219705
45455,45.455,0.00219675
45473,45.473,0.00219646
45491,45.491,0.00219618
45509,45.509,0.0021959
45527,45.527,0.00219562
45545,45.545,0.00219533
45564,45.564,0.00219504
45582,45.582,0.00219476
45600,45.6,0.00219448
45618,45.618,0.0021942
45636,45.636,0.00219393
45655,45.655,0.00219363
45673,45.673,0.00219336
45691,45.691,0.00219308
45709,45.709,0.00219281
45727,45.727,0.00219253
45745,45.745,0.00219226
45764,45.764,0.00219197
45782,45.782,0.0021917
45800,45.8,0.00219143
45818,45.818,0.00219116
45836,45.836,0.00219089
45855,45.855,0.00219061
45873,45.873,0.00219034
45891,45.891,0.00219007
45909,45.909,0.00218981
45927,45.927,0.00218954
45945,45.945,0.00218928
45964,45.964,0.002189
45982,45.982,0.00218873
46000,46,0.00218847
46018,46.018,0.00218821
46036,46.036,0.00218795
46055,46.055,0.00218767
46073,46.073,0.00218741
46091,46.091,0.00218715
46109,46.109,0.00218689
46127,46.127,0.00218663
46145,46.145,0.00218638
46164,46.164,0.0021861
46182,46.182,0.00218585
46200,46.2,0.00218559
46218,46.218,0.00218534
46236,46.236,0.00218508
46255,46.255,0.00218482
46273,46.273,0.00218457
46291,46.291,0.00218431
46309,46.309,0.00218406
46327,46.327,0.00218381
46345,46.345,0.00218356
46364,46.364,0.0021833
46382,46.382,0.00218305
46400,46.4,0.0021828
46418,46.418,0.00218256
46436,46.436,0.00218231
46455,46.455,0.00218205
46473,46.473,0.00218181
46491,46.491,0.00218156
46509,46.509,0.00218132
46527,46.527,0.00218108
46545,46.545,0.00218084
46564,46.564,0.00218058
46582,46.582,0.00218034
46600,46.6,0.0021801
46618,46.618,0.00217986
46636,46.636,0.00217963
46655,46.655,0.00217938
46673,46.673,0.00217914
46691,46.691,0.0021789
46709,46.709,0.00217867
46727,46.727,0.00217843
46745,46.745,0.0021782
46764,46.764,0.00217795
46782,46.782,0.00217772
46800,46.8,0.00217749
46818,46.818,0.00217726
46836,46.836,0.00217703
46855,46.855,0.00217679
46873,46.873,0.00217656
46891,46.891,0.00217633
46909,46.909,0.0021761
46927,46.927,0.00217588
46945,46.945,0.00217565
46964,46.964,0.00217541
46982,46.982,0.00217519
47000,47,0.00217497
47018,47.018,0.00217474
47036,47.036,0.00217452
47055,47.055,0.00217429
47073,47.073,0.00217407
47091,47.091,0.00217385
47109,47.109,0.00217363
47127,47.127,0.00217341
47145,47.145,0.00217319
47164,47.164,0.00217296
47182,47.182,0.00217275
47200,47.2,0.00217253
47218,47.218,0.00217232
47236,47.236,0.0021721
47255,47.255,0.00217188
47273,47.273,0.00217166
47291,47.291,0.00217145
47309,47.309,0.00217124
47327,47.327,0.00217103
47345,47.345,0.00217082
47364,47.364,0.0021706
47382,47.382,0.00217039
47400,47.4,0.00217018
47418,47.418,0.00216998
47436,47.436,0.00216977
47455,47.455,0.00216956
47473,47.473,0.00216935
47491,47.491,0.00216915
47509,47.509,0.00216894
47527,47.527,0.00216874
47545,47.545,0.00216854
47564,47.564,0.00216833
47582,47.582,0.00216813
47600,47.6,0.00216793
47618,47.618,0.00216773
47636,47.636,0.00216753
47655,47.655,0.00216732
47673,47.673,0.00216713
47691,47.691,0.00216693
47709,47.709,0.00216674
47727,47.727,0.00216654
47745,47.745,0.00216635
47764,47.764,0.00216614
47782,47.782,0.00216595
47800,47.8,0.00216576
47818,47.818,0.00216557
47836,47.836,0.00216538
47855,47.855,0.00216518
47873,47.873,0.00216499
47891,47.891,0.00216481
47909,47.909,0.00216462
47927,47.927,0.00216443
47945,47.945,0.00216425
47964,47.964,0.00216405
47982,47.982,0.00216387
48000,48,0.00216369
48018,48.018,0.0021635
48036,48.036,0.00216332
48055,48.055,0.00216313
48073,48.073,0.00216295
48091,48.091,0.00216277
48109,48.109,0.00216259
48127,48.127,0.00216241
48145,48.145,0.00216224
48164,48.164,0.00216205
48182,48.182,0.00216187
48200,48.2,0.0021617
48218,48.218,0.00216153
48236,48.236,0.00216135
48255,48.255,0.00216117
48273,48.273,0.002161
48291,48.291,0.00216083
48309,48.309,0.00216066
48327,48.327,0.00216049
48345,48.345,0.00216032
48364,48.364,0.00216014
48382,48.382,0.00215997
48400,48.4,0.00215981
48418,48.418,0.00215964
48436,48.436,0.00215947
48455,48.455,0.0021593
48473,48.473,0.00215914
48491,48.491,0.00215897
48509,48.509,0.00215881
48527,48.527,0.00215865
48545,48.545,0.00215849
48564,48.564,0.00215832
48582,48.582,0.00215816
48600,48.6,0.002158
48618,48.618,0.00215784
48636,48.636,0.00215769
48655,48.655,0.00215752
48673,48.673,0.00215737
48691,48.691,0.00215721
48709,48.709,0.00215706
48727,48.727,0.00215691
48745,48.745,0.00215675
48764,48.764,0.00215659
48782,48.782,0.00215644
48800,48.8,0.00215629
48818,48.818,0.00215614
48836,48.836,0.00215599
48855,48.855,0.00215584
48873,48.873,0.00215569
48891,48.891,0.00215554
48909,48.909,0.0021554
48927,48.927,0.00215525
48945,48.945,0.00215511
48964,48.964,0.00215496
48982,48.982,0.00215481
49000,49,0.00215467
49018,49.018,0.00215453
49036,49.036,0.00215439
49055,49.055,0.00215424
49073,49.073,0.0021541
49091,49.091,0.00215397
49109,49.109,0.00215383
49127,49.127,0.00215369
49145,49.145,0.00215356
49164,49.164,0.00215341
49182,49.182,0.00215328
49200,49.2,0.00215314
49218,49.218,0.00215301
49236,49.236,0.00215288
49255,49.255,0.00215274
49273,49.273,0.00215261
49291,49.291,0.00215248
49309,49.309,0.00215235
49327,49.327,0.00215222
49345,49.345,0.0021521
49364,49.364,0.00215196
49382,49.382,0.00215184
49400,49.4,0.00215171
49418,49.418,0.00215159
49436,49.436,0.00215146
49455,49.455,0.00215133
49473,49.473,0.00215121
49491,49.491,0.00215109
49509,49.509,0.00215097
49527,49.527,0.00215085
49545,49.545,0.00215073
49564,49.564,0.0021506
49582,49.582,0.00215048
49600,49.6,0.00215037
49618,49.618,0.00215025
49636,49.636,0.00215014
49655,49.655,0.00215001
49673,49.673,0.0021499
49691,49.691,0.00214979
49709,49.709,0.00214968
49727,49.727,0.00214956
49745,49.745,0.00214945
49764,49.764,0.00214934
49782,49.782,0.00214923
49800,49.8,0.00214912
49818,49.818,0.00214901
49836,49.836,0.0021489
49855,49.855,0.00214879
49873,49.873,0.00214869
49891,49.891,0.00214858
49909,49.909,0.00214848
49927,49.927,0.00214837
49945,49.945,0.00214827
49964,49.964,0.00214816
49982,49.982,0.00214806
50000,50,0.00214796
50018,50.018,0.00214786
50036,50.036,0.00214776
50055,50.055,0.00214766
50073,50.073,0.00214756
50091,50.091,0.00214747
50109,50.109,0.00214737
50127,50.127,0.00214728
50145,50.145,0.00214718
50164,50.164,0.00214708
50182,50.182,0.00214699
50200,50.2,0.0021469
50218,50.218,0.00214681
50236,50.236,0.00214672
50255,50.255,0.00214662
50273,50.273,0.00214653
50291,50.291,0.00214645
50309,50.309,0.00214636
50327,50.327,0.00214627
50345,50.345,0.00214619
50364,50.364,0.0021461
50382,50.382,0.00214601
50400,50.4,0.00214593
50418,50.418,0.00214585
50436,50.436,0.00214577
50455,50.455,0.00214568
50473,50.473,0.0021456
50491,50.491,0.00214552
50509,50.509,0.00214544
50527,50.527,0.00214536
50545,50.545,0.00214529
50564,50.564,0.00214521
50582,50.582,0.00214513
50600,50.6,0.00214505
50618,50.618,0.00214498
50636,50.636,0.00214491
50655,50.655,0.00214483
50673,50.673,0.00214476
50691,50.691,0.00214469
50709,50.709,0.00214462
50727,50.727,0.00214455
50745,50.745,0.00214448
50764,50.764,0.00214441
50782,50.782,0.00214434
50800,50.8,0.00214427
50818,50.818,0.00214421
50836,50.836,0.00214414
50855,50.855,0.00214407
50873,50.873,0.00214401
50891,50.891,0.00214395
50909,50.909,0.00214389
50927,50.927,0.00214382
50945,50.945,0.00214376
50964,50.964,0.0021437
50982,50.982,0.00214364
51000,51,0.00214358
51018,51.018,0.00214353
51036,51.036,0.00214347
51055,51.055,0.00214341
51073,51.073,0.00214336
51091,51.091,0.0021433
51109,51.109,0.00214325
51127,51.127,0.0021432
51145,51.145,0.00214314
51164,51.164,0.00214309
51182,51.182,0.00214304
51200,51.2,0.00214299
51218,51.218,0.00214294
51236,51.236,0.00214289
51255,51.255,0.00214284
51273,51.273,0.0021428
51291,51.291,0.00214275
51309,51.309,0.00214271
51327,51.327,0.00214266
51345,51.345,0.00214262
51364,51.364,0.00214257
51382,51.382,0.00214253
51400,51.4,0.00214249
51418,51.418,0.00214245
51436,51.436,0.00214241
51455,51.455,0.00214237
51473,51.473,0.00214233
51491,51.491,0.00214229
51509,51.509,0.00214226
51527,51.527,0.00214222
51545,51.545,0.00214219
51564,51.564,0.00214215
51582,51.582,0.00214212
51600,51.6,0.00214209
51618,51.618,0.00214205
51636,51.636,0.00214202
51655,51.655,0.00214199
51673,51.673,0.00214196
51691,51.691,0.00214193
51709,51.709,0.0021419
51727,51.727,0.00214188
51745,51.745,0.00214185
51764,51.764,0.00214182
51782,51.782,0.0021418
51800,51.8,0.00214177
51818,51.818,0.00214175
51836,51.836,0.00214173
51855,51.855,0.0021417
51873,51.873,0.00214168
51891,51.891,0.00214166
51909,51.909,0.00214164
51927,51.927,0.00214163
51945,51.945,0.00214161
51964,51.964,0.00214159
51982,51.982,0.00214157
52000,52,0.00214156
52018,52.018,0.00214154
52036,52.036,0.00214153
52055,52.055,0.00214151
52073,52.073,0.0021415
52091,52.091,0.00214149
52109,52.109,0.00214148
52127,52.127,0.00214147
52145,52.145,0.00214146
52164,52.164,0.00214145
52182,52.182,0.00214144
52200,52.2,0.00214143
52218,52.218,0.00214143
52236,52.236,0.00214142
52255,52.255,0.00214142
52273,52.273,0.00214141
52291,52.291,0.00214141
52309,52.309,0.00214141
52327,52.327,0.00214141
52345,52.345,0.0021414
52364,52.364,0.0021414
52382,52.382,0.0021414
52400,52.4,0.00214141
52418,52.418,0.00214141
52436,52.436,0.00214141
52455,52.455,0.00214141
52473,52.473,0.00214142
52491,52.491,0.00214142
52509,52.509,0.00214143
52527,52.527,0.00214144
52545,52.545,0.00214144
52564,52.564,0.00214145
52582,52.582,0.00214146
52600,52.6,0.00214147
52618,52.618,0.00214148
52636,52.636,0.00214149
52655,52.655,0.00214151
52673,52.673,0.00214152
52691,52.691,0.00214153
52709,52.709,0.00214155
52727,52.727,0.00214156
52745,52.745,0.00214158
52764,52.764,0.0021416
52782,52.782,0.00214161
52800,52.8,0.00214163
52818,52.818,0.00214165
52836,52.836,0.00214167
52855,52.855,0.00214169
52873,52.873,0.00214171
52891,52.891,0.00214174
52909,52.909,0.00214176
52927,52.927,0.00214178
52945,52.945,0.00214181
52964,52.964,0.00214183
52982,52.982,0.00214186
53000,53,0.00214189
53018,53.018,0.00214191
53036,53.036,0.00214194
53055,53.055,0.00214197
53073,53.073,0.002142
53091,53.091,0.00214203
53109,53.109,0.00214207
53127,53.127,0.0021421
53145,53.145,0.00214213
53164,53.164,0.00214217
53182,53.182,0.0021422
53200,53.2,0.00214224
53218,53.218,0.00214227
53236,53.236,0.00214231
53255,53.255,0.00214235
53273,53.273,0.00214239
53291,53.291,0.00214243
53309,53.309,0.00214247
53327,53.327,0.00214251
53345,53.345,0.00214255
53364,53.364,0.00214259
53382,53.382,0.00214264
53400,53.4,0.00214268
53418,53.418,0.00214272
53436,53.436,0.00214277
53455,53.455,0.00214282
53473,53.473,0.00214287
53491,53.491,0.00214291
53509,53.509,0.00214296
53527,53.527,0.00214301
53545,53.545,0.00214306
53564,53.564,0.00214311
53582,53.582,0.00214317
53600,53.6,0.00214322
53618,53.618,0.00214327
53636,53.636,0.00214332
53655,53.655,0.00214338
53673,53.673,0.00214344
53691,53.691,0.00214349
53709,53.709,0.00214355
53727,53.727,0.00214361
53745,53.745,0.00214367
53764,53.764,0.00214373
53782,53.782,0.00214379
53800,53.8,0.00214385
53818,53.818,0.00214391
53836,53.836,0.00214397
53855,53.855,0.00214404
53873,53.873,0.0021441
53891,53.891,0.00214417
53909,53.909,0.00214423
53927,53.927,0.0021443
53945,53.945,0.00214437
53964,53.964,0.00214444
53982,53.982,0.00214451
54000,54,0.00214458
54018,54.018,0.00214465
54036,54.036,0.00214472
54055,54.055,0.00214479
54073,54.073,0.00214486
54091,54.091,0.00214494
54109,54.109,0.00214501
54127,54.127,0.00214508
54145,54.145,0.00214516
54164,54.164,0.00214524
54182,54.182,0.00214532
54200,54.2,0.00214539
54218,54.218,0.00214547
54236,54.236,0.00214555
54255,54.255,0.00214564
54273,54.273,0.00214572
54291,54.291,0.0021458
54309,54.309,0.00214588
54327,54.327,0.00214596
54345,54.345,0.00214605
54364,54.364,0.00214614
54382,54.382,0.00214622
54400,54.4,0.00214631
54418,54.418,0.00214639
54436,54.436,0.00214648
54455,54.455,0.00214658
54473,54.473,0.00214666
54491,54.491,0.00214675
54509,54.509,0.00214685
54527,54.527,0.00214694
54545,54.545,0.00214703
54564,54.564,0.00214713
54582,54.582,0.00214722
54600,54.6,0.00214731
54618,54.618,0.00214741
54636,54.636,0.00214751
54655,54.655,0.00214761
54673,54.673,0.00214771
54691,54.691,0.0021478
54709,54.709,0.0021479
54727,54.727,0.002148
54745,54.745,0.0021481
54764,54.764,0.00214821
54782,54.782,0.00214831
54800,54.8,0.00214842
54818,54.818,0.00214852
54836,54.836,0.00214862
54855,54.855,0.00214873
54873,54.873,0.00214884
54891,54.891,0.00214895
54909,54.909,0.00214905
54927,54.927,0.00214916
54945,54.945,0.00214927
54964,54.964,0.00214939
54982,54.982,0.0021495
55000,55,0.00214961
55018,55.018,0.00214972
55036,55.036,0.00214983
55055,55.055,0.00214995
55073,55.073,0.00215007
55091,55.091,0.00215018
55109,55.109,0.0021503
55127,55.127,0.00215041
55145,55.145,0.00215053
55164,55.164,0.00215066
55182,55.182,0.00215078
55200,55.2,0.0021509
55218,55.218,0.00215102
55236,55.236,0.00215114
55255,55.255,0.00215127
55273,55.273,0.00215139
55291,55.291,0.00215151
55309,55.309,0.00215164
55327,55.327,0.00215176
55345,55.345,0.00215189
55364,55.364,0.00215202
55382,55.382,0.00215215
55400,55.4,0.00215227
55418,55.418,0.0021524
55436,55.436,0.00215253
55455,55.455,0.00215267
55473,55.473,0.0021528
55491,55.491,0.00215293
55509,55.509,0.00215307
55527,55.527,0.0021532
55545,55.545,0.00215333
55564,55.564,0.00215347
55582,55.582,0.00215361
55600,55.6,0.00215375
55618,55.618,0.00215388
55636,55.636,0.00215402
55655,55.655,0.00215417
55673,55.673,0.00215431
55691,55.691,0.00215445
55709,55.709,0.00215459
55727,55.727,0.00215473
55745,55.745,0.00215487
55764,55.764,0.00215502
55782,55.782,0.00215517
55800,55.8,0.00215531
55818,55.818,0.00215546
55836,55.836,0.0021556
55855,55.855,0.00215576
55873,55.873,0.0021559
55891,55.891,0.00215605
55909,55.909,0.0021562
55927,55.927,0.00215635
55945,55.945,0.0021565
55964,55.964,0.00215666
55982,55.982,0.00215681
56000,56,0.00215697
56018,56.018,0.00215712
56036,56.036,0.00215727
56055,56.055,0.00215744
56073,56.073,0.00215759
56091,56.091,0.00215775
56109,56.109,0.00215791
56127,56.127,0.00215807
56145,56.145,0.00215823
56164,56.164,0.00215839
56182,56.182,0.00215855
56200,56.2,0.00215872
56218,56.218,0.00215888
56236,56.236,0.00215904
56255,56.255,0.00215921
56273,56.273,0.00215938
56291,56.291,0.00215954
56309,56.309,0.00215971
56327,56.327,0.00215987
56345,56.345,0.00216004
56364,56.364,0.00216022
56382,56.382,0.00216039
56400,56.4,0.00216055
56418,56.418,0.00216072
56436,56.436,0.0021609
56455,56.455,0.00216108
56473,56.473,0.00216125
56491,56.491,0.00216142
56509,56.509,0.0021616
56527,56.527,0.00216177
56545,56.545,0.00216195
56564,56.564,0.00216213
56582,56.582,0.00216231
56600,56.6,0.00216249
56618,56.618,0.00216266
56636,56.636,0.00216284
56655,56.655,0.00216303
56673,56.673,0.00216321
56691,56.691,0.00216339
56709,56.709,0.00216358
56727,56.727,0.00216376
56745,56.745,0.00216394
56764,56.764,0.00216414
56782,56.782,0.00216432
56800,56.8,0.00216451
56818,56.818,0.00216469
56836,56.836,0.00216488
56855,56.855,0.00216508
56873,56.873,0.00216527
56891,56.891,0.00216546
56909,56.909,0.00216565
56927,56.927,0.00216584
56945,56.945,0.00216603
56964,56.964,0.00216623
56982,56.982,0.00216643
57000,57,0.00216662
57018,57.018,0.00216681
57036,57.036,0.00216701
57055,57.055,0.00216722
57073,57.073,0.00216741
57091,57.091,0.00216761
57109,57.109,0.00216781
57127,57.127,0.00216801
57145,57.145,0.00216821
57164,57.164,0.00216842
57182,57.182,0.00216862
57200,57.2,0.00216882
57218,57.218,0.00216903
57236,57.236,0.00216923
57255,57.255,0.00216944
57273,57.273,0.00216965
57291,57.291,0.00216985
57309,57.309,0.00217006
57327,57.327,0.00217027
57345,57.345,0.00217048
57364,57.364,0.0021707
57382,57.382,0.00217091
57400,57.4,0.00217112
57418,57.418,0.00217133
57436,57.436,0.00217154
57455,57.455,0.00217176
57473,57.473,0.00217197
57491,57.491,0.00217219
57509,57.509,0.0021724
57527,57.527,0.00217262
57545,57.545,0.00217283
57564,57.564,0.00217306
57582,57.582,0.00217328
57600,57.6,0.0021735
57618,57.618,0.00217372
57636,57.636,0.00217394
57655,57.655,0.00217417
57673,57.673,0.00217439
57691,57.691,0.00217461
57709,57.709,0.00217483
57727,57.727,0.00217506
57745,57.745,0.00217528
57764,57.764,0.00217552
57782,57.782,0.00217574
57800,57.8,0.00217597
57818,57.818,0.0021762
57836,57.836,0.00217642
57855,57.855,0.00217666
57873,57.873,0.00217689
57891,57.891,0.00217712
57909,57.909,0.00217735
57927,57.927,0.00217758
57945,57.945,0.00217782
57964,57.964,0.00217806
57982,57.982,0.00217829
58000,58,0.00217853
58018,58.018,0.00217876
58036,58.036,0.002179
58055,58.055,0.00217925
58073,58.073,0.00217948
58091,58.091,0.00217972
58109,58.109,0.00217996
58127,58.127,0.0021802
58145,58.145,0.00218044
58164,58.164,0.00218069
58182,58.182,0.00218093
58200,58.2,0.00218118
58218,58.218,0.00218142
58236,58.236,0.00218166
58255,58.255,0.00218192
58273,58.273,0.00218217
58291,58.291,0.00218241
58309,58.309,0.00218266
58327,58.327,0.0021829
58345,58.345,0.00218315
58364,58.364,0.00218341
58382,58.382,0.00218366
58400,58.4,0.00218391
58418,58.418,0.00218416
58436,58.436,0.00218441
58455,58.455,0.00218468
58473,58.473,0.00218493
58491,58.491,0.00218519
58509,58.509,0.00218544
58527,58.527,0.0021857
58545,58.545,0.00218595
58564,58.564,0.00218622
58582,58.582,0.00218648
58600,58.6,0.00218674
58618,58.618,0.002187
58636,58.636,0.00218725
58655,58.655,0.00218753
58673,58.673,0.00218779
58691,58.691,0.00218805
58709,58.709,0.00218831
58727,58.727,0.00218858
58745,58.745,0.00218884
58764,58.764,0.00218912
58782,58.782,0.00218938
58800,58.8,0.00218965
58818,58.818,0.00218991
58836,58.836,0.00219018
58855,58.855,0.00219046
58873,58.873,0.00219073
58891,58.891,0.002191
58909,58.909,0.00219127
58927,58.927,0.00219154
58945,58.945,0.00219181
58964,58.964,0.0021921
58982,58.982,0.00219237
59000,59,0.00219265
59018,59.018,0.00219292
59036,59.036,0.00219319
59055,59.055,0.00219348
59073,59.073,0.00219376
59091,59.091,0.00219404
59109,59.109,0.00219431
59127,59.127,0.00219459
59145,59.145,0.00219487
59164,59.164,0.00219517
59182,59.182,0.00219545
59200,59.2,0.00219573
59218,59.218,0.00219601
59236,59.236,0.00219629
59255,59.255,0.00219659
59273,59.273,0.00219688
59291,59.291,0.00219716
59309,59.309,0.00219745
59327,59.327,0.00219773
59345,59.345,0.00219802
59364,59.364,0.00219832
59382,59.382,0.00219861
59400,59.4,0.0021989
59418,59.418,0.00219919
59436,59.436,0.00219948
59455,59.455,0.00219978
59473,59.473,0.00220008
59491,59.491,0.00220037
59509,59.509,0.00220066
59527,59.527,0.00220095
59545,59.545,0.00220125
59564,59.564,0.00220156
59582,59.582,0.00220186
59600,59.6,0.00220215
59618,59.618,0.00220245
59636,59.636,0.00220275
59655,59.655,0.00220306
59673,59.673,0.00220336
59691,59.691,0.00220366
59709,59.709,0.00220396
59727,59.727,0.00220426
59745,59.745,0.00220456
59764,59.764,0.00220488
59782,59.782,0.00220519
59800,59.8,0.00220549
59818,59.818,0.0022058
59836,59.836,0.0022061
59855,59.855,0.00220642
59873,59.873,0.00220673
59891,59.891,0.00220704
59909,59.909,0.00220735
59927,59.927,0.00220766
59945,59.945,0.00220796
59964,59.964,0.00220829
59982,59.982,0.0022086
60000,60,0.00220891
60018,60.018,0.00220923
60036,60.036,0.00220954
60055,60.055,0.00220987
60073,60.073,0.00221019
60091,60.091,0.0022105
60109,60.109,0.00221082
60127,60.127,0.00221113
60145,60.145,0.00221145
60164,60.164,0.00221178
60182,60.182,0.0022121
60200,60.2,0.00221242
60218,60.218,0.00221274
60236,60.236,0.00221306
60255,60.255,0.0022134
60273,60.273,0.00221372
60291,60.291,0.00221404
60309,60.309,0.00221437
60327,60.327,0.00221469
60345,60.345,0.00221502
60364,60.364,0.00221536
60382,60.382,0.00221569
60400,60.4,0.00221601
60418,60.418,0.00221634
60436,60.436,0.00221667
60455,60.455,0.00221701
60473,60.473,0.00221734
60491,60.491,0.00221767
60509,60.509,0.002218
60527,60.527,0.00221833
60545,60.545,0.00221867
60564,60.564,0.00221902
60582,60.582,0.00221935
60600,60.6,0.00221968
60618,60.618,0.00222002
60636,60.636,0.00222035
60655,60.655,0.00222071
60673,60.673,0.00222105
60691,60.691,0.00222138
60709,60.709,0.00222172
60727,60.727,0.00222206
60745,60.745,0.0022224
60764,60.764,0.00222276
60782,60.782,0.0022231
60800,60.8,0.00222344
60818,60.818,0.00222378
60836,60.836,0.00222412
60855,60.855,0.00222449
60873,60.873,0.00222483
60891,60.891,0.00222518
60909,60.909,0.00222552
60927,60.927,0.00222587
60945,60.945,0.00222621
60964,60.964,0.00222658
60982,60.982,0.00222693
61000,61,0.00222728
61018,61.018,0.00222763
61036,61.036,0.00222798
61055,61.055,0.00222835
61073,61.073,0.0022287
61091,61.091,0.00222905
61109,61.109,0.0022294
61127,61.127,0.00222975
61145,61.145,0.00223011
61164,61.164,0.00223048
61182,61.182,0.00223084
61200,61.2,0.00223119
61218,61.218,0.00223155
61236,61.236,0.00223191
61255,61.255,0.00223228
61273,61.273,0.00223264
61291,61.291,0.002233
61309,61.309,0.00223336
61327,61.327,0.00223372
61345,61.345,0.00223408
61364,61.364,0.00223447
61382,61.382,0.00223483
61400,61.4,0.00223519
61418,61.418,0.00223555
61436,61.436,0.00223592
61455,61.455,0.0022363
61473,61.473,0.00223667
61491,61.491,0.00223704
61509,61.509,0.0022374
61527,61.527,0.00223777
61545,61.545,0.00223814
61564,61.564,0.00223853
61582,61.582,0.0022389
61600,61.6,0.00223927
61618,61.618,0.00223964
61636,61.636,0.00224001
61655,61.655,0.0022404
61673,61.673,0.00224078
61691,61.691,0.00224115
61709,61.709,0.00224152
61727,61.727,0.0022419
61745,61.745,0.00224227
61764,61.764,0.00224267
61782,61.782,0.00224305
61800,61.8,0.00224343
61818,61.818,0.0022438
61836,61.836,0.00224418
61855,61.855,0.00224458
61873,61.873,0.00224496
61891,61.891,0.00224534
61909,61.909,0.00224572
61927,61.927,0.00224611
61945,61.945,0.00224649
61964,61.964,0.00224689
61982,61.982,0.00224728
62000,62,0.00224766
62018,62.018,0.00224805
62036,62.036,0.00224843
62055,62.055,0.00224884
62073,62.073,0.00224923
62091,62.091,0.00224961
62109,62.109,0.00225
62127,62.127,0.00225039
62145,62.145,0.00225078
62164,62.164,0.00225119
62182,62.182,0.00225158
62200,62.2,0.00225197
62218,62.218,0.00225237
62236,62.236,0.00225276
62255,62.255,0.00225317
62273,62.273,0.00225357
62291,62.291,0.00225396
62309,62.309,0.00225436
62327,62.327,0.00225475
62345,62.345,0.00225515
62364,62.364,0.00225557
62382,62.382,0.00225597
62400,62.4,0.00225637
62418,62.418,0.00225677
62436,62.436,0.00225716
62455,62.455,0.00225759
62473,62.473,0.00225799
62491,62.491,0.00225839
62509,62.509,0.00225879
62527,62.527,0.00225919
62545,62.545,0.0022596
62564,62.564,0.00226002
62582,62.582,0.00226043
62600,62.6,0.00226083
62618,62.618,0.00226124
62636,62.636,0.00226165
62655,62.655,0.00226208
62673,62.673,0.00226248
62691,62.691,0.00226289
62709,62.709,0.0022633
62727,62.727,0.00226371
62745,62.745,0.00226412
62764,62.764,0.00226455
62782,62.782,0.00226497
62800,62.8,0.00226538
62818,62.818,0.00226579
62836,62.836,0.0022662
62855,62.855,0.00226664
62873,62.873,0.00226706
62891,62.891,0.00226747
62909,62.909,0.00226789
62927,62.927,0.0022683
62945,62.945,0.00226872
62964,62.964,0.00226916
62982,62.982,0.00226958
63000,63,0.00227
63018,63.018,0.00227042
63036,63.036,0.00227084
63055,63.055,0.00227128
63073,63.073,0.0022717
63091,63.091,0.00227213
63109,63.109,0.00227255
63127,63.127,0.00227297
63145,63.145,0.00227339
63164,63.164,0.00227384
63182,63.182,0.00227427
63200,63.2,0.00227469
63218,63.218,0.00227512
63236,63.236,0.00227555
63255,63.255,0.002276
63273,63.273,0.00227643
63291,63.291,0.00227685
63309,63.309,0.00227728
63327,63.327,0.00227771
63345,63.345,0.00227814
63364,63.364,0.0022786
63382,63.382,0.00227903
63400,63.4,0.00227946
63418,63.418,0.00227989
63436,63.436,0.00228033
63455,63.455,0.00228079
63473,63.473,0.00228122
63491,63.491,0.00228166
63509,63.509,0.00228209
63527,63.527,0.00228253
63545,63.545,0.00228297
63564,63.564,0.00228343
63582,63.582,0.00228387
63600,63.6,0.00228431
63618,63.618,0.00228474
63636,63.636,0.00228518
63655,63.655,0.00228565
63673,63.673,0.00228609
63691,63.691,0.00228653
63709,63.709,0.00228698
63727,63.727,0.00228742
63745,63.745,0.00228786
63764,63.764,0.00228833
63782,63.782,0.00228878
63800,63.8,0.00228922
63818,63.818,0.00228967
63836,63.836,0.00229011
63855,63.855,0.00229059
63873,63.873,0.00229103
63891,63.891,0.00229148
63909,63.909,0.00229193
63927,63.927,0.00229238
63945,63.945,0.00229283
63964,63.964,0.00229331
63982,63.982,0.00229376
64000,64,0.00229421
64018,64.018,0.00229466
64036,64.036,0.00229511
64055,64.055,0.00229559
64073,64.073,0.00229605
64091,64.091,0.0022965
64109,64.109,0.00229696
64127,64.127,0.00229741
64145,64.145,0.00229787
64164,64.164,0.00229835
64182,64.182,0.00229881
64200,64.2,0.00229927
64218,64.218,0.00229973
64236,64.236,0.00230019
64255,64.255,0.00230067
64273,64.273,0.00230113
64291,64.291,0.0023016
64309,64.309,0.00230206
64327,64.327,0.00230252
64345,64.345,0.00230298
64364,64.364,0.00230347
64382,64.382,0.00230394
64400,64.4,0.0023044
64418,64.418,0.00230487
64436,64.436,0.00230533
64455,64.455,0.00230582
64473,64.473,0.00230629
64491,64.491,0.00230676
64509,64.509,0.00230723
64527,64.527,0.0023077
64545,64.545,0.00230817
64564,64.564,0.00230866
64582,64.582,0.00230913
64600,64.6,0.0023096
64618,64.618,0.00231007
64636,64.636,0.00231055
64655,64.655,0.00231105
64673,64.673,0.00231152
64691,64.691,0.00231199
64709,64.709,0.00231247
64727,64.727,0.00231294
64745,64.745,0.00231342
64764,64.764,0.00231392
64782,64.782,0.0023144
64800,64.8,0.00231487
64818,64.818,0.00231535
64836,64.836,0.00231583
64855,64.855,0.00231634
64873,64.873,0.00231682
64891,64.891,0.0023173
64909,64.909,0.00231778
64927,64.927,0.00231826
64945,64.945,0.00231874
64964,64.964,0.00231925
64982,64.982,0.00231973
65000,65,0.00232022
65018,65.018,0.0023207
65036,65.036,0.00232118
65055,65.055,0.0023217
65073,65.073,0.00232218
65091,65.091,0.00232267
65109,65.109,0.00232315
65127,65.127,0.00232364
65145,65.145,0.00232413
65164,65.164,0.00232465
65182,65.182,0.00232513
65200,65.2,0.00232562
65218,65.218,0.00232611
65236,65.236,0.00232661
65255,65.255,0.00232712
65273,65.273,0.00232762
65291,65.291,0.00232811
65309,65.309,0.0023286
65327,65.327,0.00232909
65345,65.345,0.00232959
65364,65.364,0.00233011
65382,65.382,0.00233061
65400,65.4,0.0023311
65418,65.418,0.0023316
65436,65.436,0.00233209
65455,65.455,0.00233262
65473,65.473,0.00233312
65491,65.491,0.00233362
65509,65.509,0.00233411
65527,65.527,0.00233461
65545,65.545,0.00233511
65564,65.564,0.00233564
65582,65.582,0.00233614
65600,65.6,0.00233665
65618,65.618,0.00233715
65636,65.636,0.00233765
65655,65.655,0.00233818
65673,65.673,0.00233869
65691,65.691,0.00233919
65709,65.709,0.0023397
65727,65.727,0.0023402
65745,65.745,0.00234071
65764,65.764,0.00234124
65782,65.782,0.00234175
65800,65.8,0.00234226
65818,65.818,0.00234276
65836,65.836,0.00234327
65855,65.855,0.00234381
65873,65.873,0.00234432
65891,65.891,0.00234483
65909,65.909,0.00234534
65927,65.927,0.00234585
65945,65.945,0.00234637
65964,65.964,0.00234691
65982,65.982,0.00234742
66000,66,0.00234793
66018,66.018,0.00234845
66036,66.036,0.00234896
66055,66.055,0.00234951
66073,66.073,0.00235002
66091,66.091,0.00235054
66109,66.109,0.00235105
66127,66.127,0.00235157
66145,66.145,0.00235209
66164,66.164,0.00235264
66182,66.182,0.00235315
66200,66.2,0.00235367
66218,66.218,0.00235419
66236,66.236,0.00235471
66255,66.255,0.00235526
66273,66.273,0.00235579
66291,66.291,0.00235631
66309,66.309,0.00235683
66327,66.327,0.00235735
66345,66.345,0.00235788
66364,66.364,0.00235843
66382,66.382,0.00235896
66400,66.4,0.00235948
66418,66.418,0.00236001
66436,66.436,0.00236053
66455,66.455,0.00236109
66473,66.473,0.00236162
66491,66.491,0.00236214
66509,66.509,0.00236267
66527,66.527,0.0023632
66545,66.545,0.00236373
66564,66.564,0.00236429
66582,66.582,0.00236482
66600,66.6,0.00236535
66618,66.618,0.00236588
66636,66.636,0.00236641
66655,66.655,0.00236698
66673,66.673,0.00236751
66691,66.691,0.00236804
66709,66.709,0.00236858
66727,66.727,0.00236911
66745,66.745,0.00236965
66764,66.764,0.00237021
66782,66.782,0.00237075
66800,66.8,0.00237128
66818,66.818,0.00237182
66836,66.836,0.00237236
66855,66.855,0.00237293
66873,66.873,0.00237346
66891,66.891,0.002374
66909,66.909,0.00237454
66927,66.927,0.00237508
66945,66.945,0.00237562
66964,66.964,0.00237619
66982,66.982,0.00237674
67000,67,0.00237728
67018,67.018,0.00237782
67036,67.036,0.00237836
67055,67.055,0.00237894
67073,67.073,0.00237948
67091,67.091,0.00238003
67109,67.109,0.00238057
67127,67.127,0.00238112
67145,67.145,0.00238166
67164,67.164,0.00238224
67182,67.182,0.00238279
67200,67.2,0.00238333
67218,67.218,0.00238388
67236,67.236,0.00238443
67255,67.255,0.00238501
67273,67.273,0.00238556
67291,67.291,0.00238611
67309,67.309,0.00238666
67327,67.327,0.00238721
67345,67.345,0.00238776
67364,67.364,0.00238835
67382,67.382,0.0023889
67400,67.4,0.00238945
67418,67.418,0.00239001
67436,67.436,0.00239056
67455,67.455,0.00239115
67473,67.473,0.0023917
67491,67.491,0.00239226
67509,67.509,0.00239281
67527,67.527,0.00239337
67545,67.545,0.00239393
67564,67.564,0.00239451
67582,67.582,0.00239507
67600,67.6,0.00239563
67618,67.618,0.00239619
67636,67.636,0.00239675
67655,67.655,0.00239734
67673,67.673,0.0023979
67691,67.691,0.00239846
67709,67.709,0.00239902
67727,67.727,0.00239958
67745,67.745,0.00240015
67764,67.764,0.00240074
67782,67.782,0.0024013
67800,67.8,0.00240187
67818,67.818,0.00240243
67836,67.836,0.002403
67855,67.855,0.00240359
67873,67.873,0.00240416
67891,67.891,0.00240473
67909,67.909,0.00240529
67927,67.927,0.00240586
67945,67.945,0.00240643
67964,67.964,0.00240703
67982,67.982,0.0024076
68000,68,0.00240817
68018,68.018,0.00240873
68036,68.036,0.0024093
68055,68.055,0.00240991
68073,68.073,0.00241048
68091,68.091,0.00241105
68109,68.109,0.00241162
68127,68.127,0.00241219
68145,68.145,0.00241277
68164,68.164,0.00241337
68182,68.182,0.00241395
68200,68.2,0.00241452
68218,68.218,0.00241509
68236,68.236,0.00241567
68255,68.255,0.00241628
68273,68.273,0.00241685
68291,68.291,0.00241743
68309,68.309,0.00241801
68327,68.327,0.00241859
68345,68.345,0.00241916
68364,68.364,0.00241977
68382,68.382,0.00242035
68400,68.4,0.00242093
68418,68.418,0.00242151
68436,68.436,0.00242209
68455,68.455,0.00242271
68473,68.473,0.00242329
68491,68.491,0.00242387
68509,68.509,0.00242445
68527,68.527,0.00242503
68545,68.545,0.00242562
68564,68.564,0.00242623
68582,68.582,0.00242682
68600,68.6,0.0024274
68618,68.618,0.00242799
68636,68.636,0.00242857
68655,68.655,0.00242919
68673,68.673,0.00242978
68691,68.691,0.00243036
68709,68.709,0.00243095
68727,68.727,0.00243154
68745,68.745,0.00243213
68764,68.764,0.00243275
68782,68.782,0.00243334
68800,68.8,0.00243393
68818,68.818,0.00243452
68836,68.836,0.00243511
68855,68.855,0.00243573
68873,68.873,0.00243632
68891,68.891,0.00243692
68909,68.909,0.00243751
68927,68.927,0.0024381
68945,68.945,0.00243869
68964,68.964,0.00243932
68982,68.982,0.00243991
69000,69,0.00244051
69018,69.018,0.0024411
69036,69.036,0.0024417
69055,69.055,0.00244233
69073,69.073,0.00244292
69091,69.091,0.00244352
69109,69.109,0.00244412
69127,69.127,0.00244472
69145,69.145,0.00244531
69164,69.164,0.00244595
69182,69.182,0.00244655
69200,69.2,0.00244714
69218,69.218,0.00244774
69236,69.236,0.00244834
69255,69.255,0.00244898
69273,69.273,0.00244958
69291,69.291,0.00245018
69309,69.309,0.00245078
69327,69.327,0.00245139
69345,69.345,0.00245199
69364,69.364,0.00245263
69382,69.382,0.00245323
69400,69.4,0.00245383
69418,69.418,0.00245444
69436,69.436,0.00245504
69455,69.455,0.00245568
69473,69.473,0.00245629
69491,69.491,0.0024569
69509,69.509,0.0024575
69527,69.527,0.00245811
69545,69.545,0.00245872
69564,69.564,0.00245936
69582,69.582,0.00245997
69600,69.6,0.00246058
69618,69.618,0.00246119
69636,69.636,0.0024618
69655,69.655,0.00246244
69673,69.673,0.00246305
69691,69.691,0.00246366
69709,69.709,0.00246428
69727,69.727,0.00246489
69745,69.745,0.0024655
69764,69.764,0.00246615
69782,69.782,0.00246676
69800,69.8,0.00246737
69818,69.818,0.00246799
69836,69.836,0.0024686
69855,69.855,0.00246925
69873,69.873,0.00246987
69891,69.891,0.00247048
69909,69.909,0.0024711
69927,69.927,0.00247172
69945,69.945,0.00247233
69964,69.964,0.00247299
69982,69.982,0.0024736
70000,70,0.00247422
70018,70.018,0.00247484
70036,70.036,0.00247546
70055,70.055,0.00247612
70073,70.073,0.00247674
70091,70.091,0.00247736
70109,70.109,0.00247798
70127,70.127,0.0024786
70145,70.145,0.00247922
70164,70.164,0.00247988
70182,70.182,0.0024805
70200,70.2,0.00248112
70218,70.218,0.00248175
70236,70.236,0.00248237
70255,70.255,0.00248303
70273,70.273,0.00248365
70291,70.291,0.00248428
70309,70.309,0.0024849
70327,70.327,0.00248553
70345,70.345,0.00248616
70364,70.364,0.00248682
70382,70.382,0.00248745
70400,70.4,0.00248807
70418,70.418,0.0024887
70436,70.436,0.00248933
70455,70.455,0.00248999
70473,70.473,0.00249062
70491,70.491,0.00249125
70509,70.509,0.00249188
70527,70.527,0.00249251
70545,70.545,0.00249314
70564,70.564,0.00249381
70582,70.582,0.00249444
70600,70.6,0.00249507
70618,70.618,0.00249571
70636,70.636,0.00249634
70655,70.655,0.00249701
70673,70.673,0.00249764
70691,70.691,0.00249828
70709,70.709,0.00249891
70727,70.727,0.00249955
70745,70.745,0.00250018
70764,70.764,0.00250085
70782,70.782,0.00250149
70800,70.8,0.00250212
70818,70.818,0.00250276
70836,70.836,0.0025034
70855,70.855,0.00250407
70873,70.873,0.00250471
70891,70.891,0.00250535
70909,70.909,0.00250599
70927,70.927,0.00250663
70945,70.945,0.00250727
70964,70.964,0.00250794
70982,70.982,0.00250858
71000,71,0.00250922
71018,71.018,0.00250986
71036,71.036,0.00251051
71055,71.055,0.00251118
71073,71.073,0.00251183
71091,71.091,0.00251247
71109,71.109,0.00251311
71127,71.127,0.00251376
71145,71.145,0.0025144
71164,71.164,0.00251508
71182,71.182,0.00251572
71200,71.2,0.00251637
71218,71.218,0.00251702
71236,71.236,0.00251766
71255,71.255,0.00251834
71273,71.273,0.00251899
71291,71.291,0.00251964
71309,71.309,0.00252028
71327,71.327,0.00252093
71345,71.345,0.00252158
71364,71.364,0.00252227
71382,71.382,0.00252291
71400,71.4,0.00252356
71418,71.418,0.00252421
71436,71.436,0.00252486
71455,71.455,0.00252555
71473,71.473,0.0025262
71491,71.491,0.00252685
71509,71.509,0.0025275
71527,71.527,0.00252816
71545,71.545,0.00252881
71564,71.564,0.0025295
71582,71.582,0.00253015
71600,71.6,0.00253081
71618,71.618,0.00253146
71636,71.636,0.00253211
71655,71.655,0.0025328
71673,71.673,0.00253346
71691,71.691,0.00253412
71709,71.709,0.00253477
71727,71.727,0.00253543
71745,71.745,0.00253608
71764,71.764,0.00253678
71782,71.782,0.00253743
71800,71.8,0.00253809
71818,71.818,0.00253875
71836,71.836,0.00253941
71855,71.855,0.0025401
71873,71.873,0.00254076
71891,71.891,0.00254142
71909,71.909,0.00254208
71927,71.927,0.00254274
71945,71.945,0.0025434
71964,71.964,0.0025441
71982,71.982,0.00254476
72000,72,0.00254542
72018,72.018,0.00254609
72036,72.036,0.00254675
72055,72.055,0.00254745
72073,72.073,0.00254811
72091,72.091,0.00254878
72109,72.109,0.00254944
72127,72.127,0.0025501
72145,72.145,0.00255077
72164,72.164,0.00255147
72182,72.182,0.00255214
72200,72.2,0.0025528
72218,72.218,0.00255347
72236,72.236,0.00255413
72255,72.255,0.00255484
72273,72.273,0.00255551
72291,72.291,0.00255617
72309,72.309,0.00255684
72327,72.327,0.00255751
72345,72.345,0.00255818
72364,72.364,0.00255888
72382,72.382,0.00255955
72400,72.4,0.00256022
72418,72.418,0.00256089
72436,72.436,0.00256156
72455,72.455,0.00256227
72473,72.473,0.00256294
72491,72.491,0.00256361
72509,72.509,0.00256429
72527,72.527,0.00256496
72545,72.545,0.00256563
72564,72.564,0.00256634
72582,72.582,0.00256701
72600,72.6,0.00256769
72618,72.618,0.00256836
72636,72.636,0.00256904
72655,72.655,0.00256975
72673,72.673,0.00257042
72691,72.691,0.0025711
72709,72.709,0.00257177
72727,72.727,0.00257245
72745,72.745,0.00257313
72764,72.764,0.00257384
72782,72.782,0.00257452
72800,72.8,0.0025752
72818,72.818,0.00257587
72836,72.836,0.00257655
72855,72.855,0.00257727
72873,72.873,0.00257795
72891,72.891,0.00257863
72909,72.909,0.00257931
72927,72.927,0.00257999
72945,72.945,0.00258067
72964,72.964,0.00258138
72982,72.982,0.00258206
73000,73,0.00258275
73018,73.018,0.00258343
73036,73.036,0.00258411
73055,73.055,0.00258483
73073,73.073,0.00258551
73091,73.091,0.00258619
73109,73.109,0.00258688
73127,73.127,0.00258756
73145,73.145,0.00258825
73164,73.164,0.00258897
73182,73.182,0.00258965
73200,73.2,0.00259034
73218,73.218,0.00259102
73236,73.236,0.00259171
73255,73.255,0.00259243
73273,73.273,0.00259312
73291,73.291,0.0025938
73309,73.309,0.00259449
73327,73.327,0.00259518
73345,73.345,0.00259587
73364,73.364,0.00259659
73382,73.382,0.00259728
73400,73.4,0.00259797
73418,73.418,0.00259866
73436,73.436,0.00259935
73455,73.455,0.00260008
73473,73.473,0.00260077
73491,73.491,0.00260146
73509,73.509,0.00260215
73527,73.527,0.00260284
73545,73.545,0.00260353
73564,73.564,0.00260426
73582,73.582,0.00260495
73600,73.6,0.00260564
73618,73.618,0.00260633
73636,73.636,0.00260703
73655,73.655,0.00260776
73673,73.673,0.00260845
73691,73.691,0.00260915
73709,73.709,0.00260984
73727,73.727,0.00261053
73745,73.745,0.00261123
73764,73.764,0.00261196
73782,73.782,0.00261266
73800,73.8,0.00261335
73818,73.818,0.00261405
73836,73.836,0.00261475
73855,73.855,0.00261548
73873,73.873,0.00261618
73891,73.891,0.00261688
73909,73.909,0.00261757
73927,73.927,0.00261827
73945,73.945,0.00261897
73964,73.964,0.00261971
73982,73.982,0.00262041
74000,74,0.00262111
74018,74.018,0.00262181
74036,74.036,0.0026225
74055,74.055,0.00262324
74073,74.073,0.00262394
74091,74.091,0.00262465
74109,74.109,0.00262535
74127,74.127,0.00262605
74145,74.145,0.00262675
74164,74.164,0.00262749
74182,74.182,0.00262819
74200,74.2,0.0026289
74218,74.218,0.0026296
74236,74.236,0.0026303
74255,74.255,0.00263104
74273,74.273,0.00263175
74291,74.291,0.00263245
74309,74.309,0.00263316
74327,74.327,0.00263386
74345,74.345,0.00263457
74364,74.364,0.00263531
74382,74.382,0.00263602
74400,74.4,0.00263672
74418,74.418,0.00263743
74436,74.436,0.00263814
74455,74.455,0.00263888
74473,74.473,0.00263959
74491,74.491,0.0026403
74509,74.509,0.002641
74527,74.527,0.00264171
74545,74.545,0.00264242
74564,74.564,0.00264317
74582,74.582,0.00264388
74600,74.6,0.00264459
74618,74.618,0.0026453
74636,74.636,0.00264601
74655,74.655,0.00264676
74673,74.673,0.00264747
74691,74.691,0.00264818
74709,74.709,0.00264889
74727,74.727,0.0026496
74745,74.745,0.00265031
74764,74.764,0.00265106
74782,74.782,0.00265178
74800,74.8,0.00265249
74818,74.818,0.0026532
74836,74.836,0.00265391
74855,74.855,0.00265467
74873,74.873,0.00265538
74891,74.891,0.0026561
74909,74.909,0.00265681
74927,74.927,0.00265752
74945,74.945,0.00265824
74964,74.964,0.00265899
74982,74.982,0.00265971
75000,75,0.00266043
75018,75.018,0.00266114
75036,75.036,0.00266186
75055,75.055,0.00266261
75073,75.073,0.00266333
75091,75.091,0.00266405
75109,75.109,0.00266477
75127,75.127,0.00266548
75145,75.145,0.0026662
75164,75.164,0.00266696
75182,75.182,0.00266768
75200,75.2,0.0026684
75218,75.218,0.00266912
75236,75.236,0.00266984
75255,75.255,0.0026706
75273,75.273,0.00267132
75291,75.291,0.00267204
75309,75.309,0.00267276
75327,75.327,0.00267348
75345,75.345,0.0026742
75364,75.364,0.00267496
75382,75.382,0.00267568
75400,75.4,0.00267641
75418,75.418,0.00267713
75436,75.436,0.00267785
75455,75.455,0.00267861
75473,75.473,0.00267934
75491,75.491,0.00268006
75509,75.509,0.00268078
75527,75.527,0.00268151
75545,75.545,0.00268223
75564,75.564,0.002683
75582,75.582,0.00268372
75600,75.6,0.00268445
75618,75.618,0.00268517
75636,75.636,0.0026859
75655,75.655,0.00268666
75673,75.673,0.00268739
75691,75.691,0.00268812
75709,75.709,0.00268884
75727,75.727,0.00268957
75745,75.745,0.0026903
75764,75.764,0.00269107
75782,75.782,0.00269179
75800,75.8,0.00269252
75818,75.818,0.00269325
75836,75.836,0.00269398
75855,75.855,0.00269475
75873,75.873,0.00269548
75891,75.891,0.00269621
75909,75.909,0.00269694
75927,75.927,0.00269767
75945,75.945,0.0026984
75964,75.964,0.00269917
75982,75.982,0.0026999
76000,76,0.00270063
76018,76.018,0.00270136
76036,76.036,0.00270209
76055,76.055,0.00270286
76073,76.073,0.0027036
76091,76.091,0.00270433
76109,76.109,0.00270506
76127,76.127,0.00270579
76145,76.145,0.00270653
76164,76.164,0.0027073
76182,76.182,0.00270804
76200,76.2,0.00270877
76218,76.218,0.0027095
76236,76.236,0.00271024
76255,76.255,0.00271101
76273,76.273,0.00271175
76291,76.291,0.00271248
76309,76.309,0.00271322
76327,76.327,0.00271395
76345,76.345,0.00271469
76364,76.364,0.00271547
76382,76.382,0.0027162
76400,76.4,0.00271694
76418,76.418,0.00271768
76436,76.436,0.00271842
76455,76.455,0.00271919
76473,76.473,0.00271993
76491,76.491,0.00272067
76509,76.509,0.00272141
76527,76.527,0.00272215
76545,76.545,0.00272289
76564,76.564,0.00272367
76582,76.582,0.0027244
76600,76.6,0.00272514
76618,76.618,0.00272588
76636,76.636,0.00272662
76655,76.655,0.00272741
76673,76.673,0.00272815
76691,76.691,0.00272889
76709,76.709,0.00272963
76727,76.727,0.00273037
76745,76.745,0.00273111
76764,76.764,0.00273189
76782,76.782,0.00273264
76800,76.8,0.00273338
76818,76.818,0.00273412
76836,76.836,0.00273486
76855,76.855,0.00273565
76873,76.873,0.00273639
76891,76.891,0.00273713
76909,76.909,0.00273788
76927,76.927,0.00273862
76945,76.945,0.00273937
76964,76.964,0.00274015
76982,76.982,0.0027409
77000,77,0.00274164
77018,77.018,0.00274239
77036,77.036,0.00274313
77055,77.055,0.00274392
77073,77.073,0.00274467
77091,77.091,0.00274541
77109,77.109,0.00274616
77127,77.127,0.0027469
77145,77.145,0.00274765
77164,77.164,0.00274844
77182,77.182,0.00274919
77200,77.2,0.00274994
77218,77.218,0.00275068
77236,77.236,0.00275143
77255,77.255,0.00275222
77273,77.273,0.00275297
77291,77.291,0.00275372
77309,77.309,0.00275447
77327,77.327,0.00275522
77345,77.345,0.00275597
77364,77.364,0.00275676
77382,77.382,0.00275751
77400,77.4,0.00275826
77418,77.418,0.00275901
77436,77.436,0.00275976
77455,77.455,0.00276055
77473,77.473,0.0027613
77491,77.491,0.00276205
77509,77.509,0.0027628
77527,77.527,0.00276356
77545,77.545,0.00276431
77564,77.564,0.0027651
77582,77.582,0.00276586
77600,77.6,0.00276661
77618,77.618,0.00276736
77636,77.636,0.00276811
77655,77.655,0.00276891
77673,77.673,0.00276966
77691,77.691,0.00277042
77709,77.709,0.00277117
77727,77.727,0.00277193
77745,77.745,0.00277268
77764,77.764,0.00277348
77782,77.782,0.00277423
77800,77.8,0.00277499
77818,77.818,0.00277574
77836,77.836,0.0027765
77855,77.855,0.0027773
77873,77.873,0.00277805
77891,77.891,0.00277881
77909,77.909,0.00277956
77927,77.927,0.00278032
77945,77.945,0.00278108
77964,77.964,0.00278188
77982,77.982,0.00278263
78000,78,0.00278339
78018,78.018,0.00278415
78036,78.036,0.00278491
78055,78.055,0.00278571
78073,78.073,0.00278647
78091,78.091,0.00278723
78109,78.109,0.00278798
78127,78.127,0.00278874
78145,78.145,0.0027895
78164,78.164,0.0027903
78182,78.182,0.00279106
78200,78.2,0.00279182
78218,78.218,0.00279258
78236,78.236,0.00279334
78255,78.255,0.00279415
78273,78.273,0.00279491
78291,78.291,0.00279567
78309,78.309,0.00279643
78327,78.327,0.00279719
78345,78.345,0.00279795
78364,78.364,0.00279876
78382,78.382,0.00279952
78400,78.4,0.00280028
78418,78.418,0.00280105
78436,78.436,0.00280181
78455,78.455,0.00280261
78473,78.473,0.00280338
78491,78.491,0.00280414
78509,78.509,0.0028049
78527,78.527,0.00280567
78545,78.545,0.00280643
78564,78.564,0.00280724
78582,78.582,0.002808
78600,78.6,0.00280877
78618,78.618,0.00280953
78636,78.636,0.0028103
78655,78.655,0.0028111
78673,78.673,0.00281187
78691,78.691,0.00281264
78709,78.709,0.0028134
78727,78.727,0.00281417
78745,78.745,0.00281493
78764,78.764,0.00281574
78782,78.782,0.00281651
78800,78.8,0.00281728
78818,78.818,0.00281804
78836,78.836,0.00281881
78855,78.855,0.00281962
78873,78.873,0.00282039
78891,78.891,0.00282116
78909,78.909,0.00282192
78927,78.927,0.00282269
78945,78.945,0.00282346
78964,78.964,0.00282427
78982,78.982,0.00282504
79000,79,0.00282581
79018,79.018,0.00282658
79036,79.036,0.00282735
79055,79.055,0.00282816
79073,79.073,0.00282893
79091,79.091,0.0028297
79109,79.109,0.00283047
79127,79.127,0.00283124
79145,79.145,0.00283201
79164,79.164,0.00283283
79182,79.182,0.0028336
79200,79.2,0.00283437
79218,79.218,0.00283514
79236,79.236,0.00283591
79255,79.255,0.00283673
79273,79.273,0.0028375
79291,79.291,0.00283827
79309,79.309,0.00283904
79327,79.327,0.00283981
79345,79.345,0.00284059
79364,79.364,0.0028414
79382,79.382,0.00284218
79400,79.4,0.00284295
79418,79.418,0.00284372
79436,79.436,0.0028445
79455,79.455,0.00284531
79473,79.473,0.00284609
79491,79.491,0.00284686
79509,79.509,0.00284764
79527,79.527,0.00284841
79545,79.545,0.00284919
79564,79.564,0.00285
79582,79.582,0.00285078
79600,79.6,0.00285155
79618,79.618,0.00285233
79636,79.636,0.0028531
79655,79.655,0.00285392
79673,79.673,0.0028547
79691,79.691,0.00285548
79709,79.709,0.00285625
79727,79.727,0.00285703
79745,79.745,0.00285781
79764,79.764,0.00285863
79782,79.782,0.0028594
79800,79.8,0.00286018
79818,79.818,0.00286096
79836,79.836,0.00286174
79855,79.855,0.00286256
79873,79.873,0.00286333
79891,79.891,0.00286411
79909,79.909,0.00286489
79927,79.927,0.00286567
79945,79.945,0.00286645
79964,79.964,0.00286727
79982,79.982,0.00286805
80000,80,0.00286883
80018,80.018,0.00286961
80036,80.036,0.00287039
80055,80.055,0.00287121
80073,80.073,0.00287199
80091,80.091,0.00287277
80109,80.109,0.00287355
80127,80.127,0.00287433
80145,80.145,0.00287511
80164,80.164,0.00287594
80182,80.182,0.00287672
80200,80.2,0.0028775
80218,80.218,0.00287828
80236,80.236,0.00287906
80255,80.255,0.00287989
80273,80.273,0.00288067
80291,80.291,0.00288145
80309,80.309,0.00288223
80327,80.327,0.00288302
80345,80.345,0.0028838
80364,80.364,0.00288462
80382,80.382,0.00288541
80400,80.4,0.00288619
80418,80.418,0.00288697
80436,80.436,0.00288776
80455,80.455,0.00288858
80473,80.473,0.00288937
80491,80.491,0.00289015
80509,80.509,0.00289094
80527,80.527,0.00289172
80545,80.545,0.0028925
80564,80.564,0.00289333
80582,80.582,0.00289412
80600,80.6,0.0028949
80618,80.618,0.00289569
80636,80.636,0.00289647
80655,80.655,0.0028973
80673,80.673,0.00289809
80691,80.691,0.00289887
80709,80.709,0.00289966
80727,80.727,0.00290044
80745,80.745,0.00290123
80764,80.764,0.00290206
80782,80.782,0.00290285
80800,80.8,0.00290363
80818,80.818,0.00290442
80836,80.836,0.00290521
80855,80.855,0.00290604
80873,80.873,0.00290683
80891,80.891,0.00290761
80909,80.909,0.0029084
80927,80.927,0.00290919
80945,80.945,0.00290998
80964,80.964,0.00291081
80982,80.982,0.0029116
81000,81,0.00291239
81018,81.018,0.00291317
81036,81.036,0.00291396
81055,81.055,0.0029148
81073,81.073,0.00291558
81091,81.091,0.00291637
81109,81.109,0.00291716
81127,81.127,0.00291795
81145,81.145,0.00291874
81164,81.164,0.00291958
81182,81.182,0.00292037
81200,81.2,0.00292116
81218,81.218,0.00292195
81236,81.236,0.00292274
81255,81.255,0.00292357
81273,81.273,0.00292436
81291,81.291,0.00292515
81309,81.309,0.00292594
81327,81.327,0.00292673
81345,81.345,0.00292753
81364,81.364,0.00292836
81382,81.382,0.00292915
81400,81.4,0.00292994
81418,81.418,0.00293074
81436,81.436,0.00293153
81455,81.455,0.00293236
81473,81.473,0.00293316
81491,81.491,0.00293395
81509,81.509,0.00293474
81527,81.527,0.00293553
81545,81.545,0.00293633
81564,81.564,0.00293716
81582,81.582,0.00293796
81600,81.6,0.00293875
81618,81.618,0.00293954
81636,81.636,0.00294034
81655,81.655,0.00294118
81673,81.673,0.00294197
81691,81.691,0.00294276
81709,81.709,0.00294356
81727,81.727,0.00294435
81745,81.745,0.00294515
81764,81.764,0.00294598
81782,81.782,0.00294678
81800,81.8,0.00294757
81818,81.818,0.00294837
81836,81.836,0.00294916
81855,81.855,0.00295
81873,81.873,0.0029508
81891,81.891,0.00295159
81909,81.909,0.00295239
81927,81.927,0.00295319
81945,81.945,0.00295398
81964,81.964,0.00295482
81982,81.982,0.00295562
82000,82,0.00295642
82018,82.018,0.00295721
82036,82.036,0.00295801
82055,82.055,0.00295885
82073,82.073,0.00295965
82091,82.091,0.00296044
82109,82.109,0.00296124
82127,82.127,0.00296204
82145,82.145,0.00296284
82164,82.164,0.00296368
82182,82.182,0.00296448
82200,82.2,0.00296527
82218,82.218,0.00296607
82236,82.236,0.00296687
82255,82.255,0.00296771
82273,82.273,0.00296851
82291,82.291,0.00296931
82309,82.309,0.00297011
82327,82.327,0.00297091
82345,82.345,0.00297171
82364,82.364,0.00297255
82382,82.382,0.00297335
82400,82.4,0.00297415
82418,82.418,0.00297495
82436,82.436,0.00297575
82455,82.455,0.00297659
82473,82.473,0.00297739
82491,82.491,0.00297819
82509,82.509,0.00297899
82527,82.527,0.00297979
82545,82.545,0.00298059
82564,82.564,0.00298144
82582,82.582,0.00298224
82600,82.6,0.00298304
82618,82.618,0.00298384
82636,82.636,0.00298464
82655,82.655,0.00298548
82673,82.673,0.00298629
82691,82.691,0.00298709
82709,82.709,0.00298789
82727,82.727,0.00298869
82745,82.745,0.00298949
82764,82.764,0.00299034
82782,82.782,0.00299114
82800,82.8,0.00299194
82818,82.818,0.00299274
82836,82.836,0.00299355
82855,82.855,0.00299439
82873,82.873,0.0029952
82891,82.891,0.002996
82909,82.909,0.0029968
82927,82.927,0.0029976
82945,82.945,0.00299841
82964,82.964,0.00299925
82982,82.982,0.00300006
83000,83,0.00300086
83018,83.018,0.00300166
83036,83.036,0.00300247
83055,83.055,0.00300332
83073,83.073,0.00300412
83091,83.091,0.00300492
83109,83.109,0.00300573
83127,83.127,0.00300653
83145,83.145,0.00300734
83164,83.164,0.00300819
83182,83.182,0.00300899
83200,83.2,0.00300979
83218,83.218,0.0030106
83236,83.236,0.0030114
83255,83.255,0.00301225
83273,83.273,0.00301306
83291,83.291,0.00301386
83309,83.309,0.00301467
83327,83.327,0.00301547
83345,83.345,0.00301628
83364,83.364,0.00301713
83382,83.382,0.00301794
83400,83.4,0.00301874
83418,83.418,0.00301955
83436,83.436,0.00302035
83455,83.455,0.00302121
83473,83.473,0.00302201
83491,83.491,0.00302282
83509,83.509,0.00302362
83527,83.527,0.00302443
83545,83.545,0.00302524
83564,83.564,0.00302609
83582,83.582,0.0030269
83600,83.6,0.0030277
83618,83.618,0.00302851
83636,83.636,0.00302932
83655,83.655,0.00303017
83673,83.673,0.00303098
83691,83.691,0.00303178
83709,83.709,0.00303259
83727,83.727,0.0030334
83745,83.745,0.00303421
83764,83.764,0.00303506
83782,83.782,0.00303587
83800,83.8,0.00303668
83818,83.818,0.00303749
83836,83.836,0.00303829
83855,83.855,0.00303915
83873,83.873,0.00303996
83891,83.891,0.00304076
83909,83.909,0.00304157
83927,83.927,0.00304238
83945,83.945,0.00304319
83964,83.964,0.00304405
83982,83.982,0.00304485
84000,84,0.00304566
84018,84.018,0.00304647
84036,84.036,0.00304728
84055,84.055,0.00304814
84073,84.073,0.00304895
84091,84.091,0.00304976
84109,84.109,0.00305057
84127,84.127,0.00305138
84145,84.145,0.00305219
84164,84.164,0.00305304
84182,84.182,0.00305385
84200,84.2,0.00305466
84218,84.218,0.00305547
84236,84.236,0.00305628
84255,84.255,0.00305714
84273,84.273,0.00305795
84291,84.291,0.00305876
84309,84.309,0.00305957
84327,84.327,0.00306038
84345,84.345,0.00306119
84364,84.364,0.00306205
84382,84.382,0.00306286
84400,84.4,0.00306367
84418,84.418,0.00306448
84436,84.436,0.0030653
84455,84.455,0.00306615
84473,84.473,0.00306696
84491,84.491,0.00306778
84509,84.509,0.00306859
84527,84.527,0.0030694
84545,84.545,0.00307021
84564,84.564,0.00307107
84582,84.582,0.00307188
84600,84.6,0.00307269
84618,84.618,0.00307351
84636,84.636,0.00307432
84655,84.655,0.00307518
84673,84.673,0.00307599
84691,84.691,0.0030768
84709,84.709,0.00307762
84727,84.727,0.00307843
84745,84.745,0.00307924
84764,84.764,0.0030801
84782,84.782,0.00308091
84800,84.8,0.00308173
84818,84.818,0.00308254
84836,84.836,0.00308335
84855,84.855,0.00308421
84873,84.873,0.00308503
84891,84.891,0.00308584
84909,84.909,0.00308665
84927,84.927,0.00308747
84945,84.945,0.00308828
84964,84.964,0.00308914
84982,84.982,0.00308995
85000,85,0.00309077
85018,85.018,0.00309158
85036,85.036,0.0030924
85055,85.055,0.00309326
85073,85.073,0.00309407
85091,85.091,0.00309489
85109,85.109,0.0030957
85127,85.127,0.00309652
85145,85.145,0.00309733
85164,85.164,0.00309819
85182,85.182,0.00309901
85200,85.2,0.00309982
85218,85.218,0.00310064
85236,85.236,0.00310145
85255,85.255,0.00310231
85273,85.273,0.00310313
85291,85.291,0.00310394
85309,85.309,0.00310476
85327,85.327,0.00310558
85345,85.345,0.00310639
85364,85.364,0.00310725
85382,85.382,0.00310807
85400,85.4,0.00310888
85418,85.418,0.0031097
85436,85.436,0.00311052
85455,85.455,0.00311138
85473,85.473,0.00311219
85491,85.491,0.00311301
85509,85.509,0.00311383
85527,85.527,0.00311464
85545,85.545,0.00311546
85564,85.564,0.00311632
85582,85.582,0.00311714
85600,85.6,0.00311796
85618,85.618,0.00311877
85636,85.636,0.00311959
85655,85.655,0.00312045
85673,85.673,0.00312127
85691,85.691,0.00312209
85709,85.709,0.0031229
85727,85.727,0.00312372
85745,85.745,0.00312454
85764,85.764,0.0031254
85782,85.782,0.00312622
85800,85.8,0.00312704
85818,85.818,0.00312785
85836,85.836,0.00312867
85855,85.855,0.00312953
85873,85.873,0.00313035
85891,85.891,0.00313117
85909,85.909,0.00313199
85927,85.927,0.00313281
85945,85.945,0.00313362
85964,85.964,0.00313449
85982,85.982,0.00313531
86000,86,0.00313612
86018,86.018,0.00313694
86036,86.036,0.00313776
86055,86.055,0.00313863
86073,86.073,0.00313944
86091,86.091,0.00314026
86109,86.109,0.00314108
86127,86.127,0.0031419
86145,86.145,0.00314272
86164,86.164,0.00314358
86182,86.182,0.0031444
86200,86.2,0.00314522
86218,86.218,0.00314604
86236,86.236,0.00314686
86255,86.255,0.00314772
86273,86.273,0.00314854
86291,86.291,0.00314936
86309,86.309,0.00315018
86327,86.327,0.003151
86345,86.345,0.00315182
86364,86.364,0.00315269
86382,86.382,0.00315351
86400,86.4,0.00315433
86418,86.418,0.00315514
86436,86.436,0.00315596
86455,86.455,0.00315683
86473,86.473,0.00315765
86491,86.491,0.00315847
86509,86.509,0.00315929
86527,86.527,0.00316011
86545,86.545,0.00316093
86564,86.564,0.0031618
86582,86.582,0.00316262
86600,86.6,0.00316344
86618,86.618,0.00316426
86636,86.636,0.00316508
86655,86.655,0.00316594
86673,86.673,0.00316676
86691,86.691,0.00316758
86709,86.709,0.0031684
86727,86.727,0.00316923
86745,86.745,0.00317005
86764,86.764,0.00317091
86782,86.782,0.00317173
86800,86.8,0.00317255
86818,86.818,0.00317338
86836,86.836,0.0031742
86855,86.855,0.00317506
86873,86.873,0.00317588
86891,86.891,0.00317671
86909,86.909,0.00317753
86927,86.927,0.00317835
86945,86.945,0.00317917
86964,86.964,0.00318004
86982,86.982,0.00318086
87000,87,0.00318168
87018,87.018,0.0031825
87036,87.036,0.00318332
87055,87.055,0.00318419
87073,87.073,0.00318501
87091,87.091,0.00318583
87109,87.109,0.00318665
87127,87.127,0.00318748
87145,87.145,0.0031883
87164,87.164,0.00318917
87182,87.182,0.00318999
87200,87.2,0.00319081
87218,87.218,0.00319163
87236,87.236,0.00319245
87255,87.255,0.00319332
87273,87.273,0.00319414
87291,87.291,0.00319497
87309,87.309,0.00319579
87327,87.327,0.00319661
87345,87.345,0.00319743
87364,87.364,0.0031983
87382,87.382,0.00319912
87400,87.4,0.00319995
87418,87.418,0.00320077
87436,87.436,0.00320159
87455,87.455,0.00320246
87473,87.473,0.00320328
87491,87.491,0.0032041
87509,87.509,0.00320493
87527,87.527,0.00320575
87545,87.545,0.00320657
87564,87.564,0.00320744
87582,87.582,0.00320826
87600,87.6,0.00320909
87618,87.618,0.00320991
87636,87.636,0.00321073
87655,87.655,0.0032116
87673,87.673,0.00321242
87691,87.691,0.00321325
87709,87.709,0.00321407
87727,87.727,0.00321489
87745,87.745,0.00321572
87764,87.764,0.00321659
87782,87.782,0.00321741
87800,87.8,0.00321823
87818,87.818,0.00321906
87836,87.836,0.00321988
87855,87.855,0.00322075
87873,87.873,0.00322157
87891,87.891,0.0032224
87909,87.909,0.00322322
87927,87.927,0.00322404
87945,87.945,0.00322487
87964,87.964,0.00322574
87982,87.982,0.00322656
88000,88,0.00322738
88018,88.018,0.00322821
88036,88.036,0.00322903
88055,88.055,0.0032299
88073,88.073,0.00323073
88091,88.091,0.00323155
88109,88.109,0.00323237
88127,88.127,0.0032332
88145,88.145,0.00323402
88164,88.164,0.00323489
88182,88.182,0.00323572
88200,88.2,0.00323654
88218,88.218,0.00323736
88236,88.236,0.00323819
88255,88.255,0.00323906
88273,88.273,0.00323988
88291,88.291,0.00324071
88309,88.309,0.00324153
88327,88.327,0.00324235
88345,88.345,0.00324318
88364,88.364,0.00324405
88382,88.382,0.00324487
88400,88.4,0.0032457
88418,88.418,0.00324652
88436,88.436,0.00324735
88455,88.455,0.00324822
88473,88.473,0.00324904
88491,88.491,0.00324987
88509,88.509,0.00325069
88527,88.527,0.00325152
88545,88.545,0.00325234
88564,88.564,0.00325321
88582,88.582,0.00325404
88600,88.6,0.00325486
88618,88.618,0.00325569
88636,88.636,0.00325651
88655,88.655,0.00325738
88673,88.673,0.00325821
88691,88.691,0.00325903
88709,88.709,0.00325986
88727,88.727,0.00326068
88745,88.745,0.0032615
88764,88.764,0.00326238
88782,88.782,0.0032632
88800,88.8,0.00326403
88818,88.818,0.00326485
88836,88.836,0.00326568
88855,88.855,0.00326655
88873,88.873,0.00326737
88891,88.891,0.0032682
88909,88.909,0.00326902
88927,88.927,0.00326985
88945,88.945,0.00327067
88964,88.964,0.00327154
88982,88.982,0.00327237
89000,89,0.00327319
89018,89.018,0.00327402
89036,89.036,0.00327484
89055,89.055,0.00327572
89073,89.073,0.00327654
89091,89.091,0.00327737
89109,89.109,0.00327819
89127,89.127,0.00327902
89145,89.145,0.00327984
89164,89.164,0.00328071
89182,89.182,0.00328154
89200,89.2,0.00328236
89218,89.218,0.00328319
89236,89.236,0.00328401
89255,89.255,0.00328489
89273,89.273,0.00328571
89291,89.291,0.00328654
89309,89.309,0.00328736
89327,89.327,0.00328819
89345,89.345,0.00328901
89364,89.364,0.00328989
89382,89.382,0.00329071
89400,89.4,0.00329154
89418,89.418,0.00329236
89436,89.436,0.00329319
89455,89.455,0.00329406
89473,89.473,0.00329488
89491,89.491,0.00329571
89509,89.509,0.00329654
89527,89.527,0.00329736
89545,89.545,0.00329819
89564,89.564,0.00329906
89582,89.582,0.00329988
89600,89.6,0.00330071
89618,89.618,0.00330154
89636,89.636,0.00330236
89655,89.655,0.00330323
89673,89.673,0.00330406
89691,89.691,0.00330489
89709,89.709,0.00330571
89727,89.727,0.00330654
89745,89.745,0.00330736
89764,89.764,0.00330823
89782,89.782,0.00330906
89800,89.8,0.00330989
89818,89.818,0.00331071
89836,89.836,0.00331154
89855,89.855,0.00331241
89873,89.873,0.00331324
89891,89.891,0.00331406
89909,89.909,0.00331489
89927,89.927,0.00331571
89945,89.945,0.00331654
89964,89.964,0.00331741
89982,89.982,0.00331824
90000,90,0.00331906
90018,90.018,0.00331989
90036,90.036,0.00332071
90055,90.055,0.00332159
90073,90.073,0.00332241
90091,90.091,0.00332324
90109,90.109,0.00332406
90127,90.127,0.00332489
90145,90.145,0.00332572
90164,90.164,0.00332659
90182,90.182,0.00332741
90200,90.2,0.00332824
90218,90.218,0.00332907
90236,90.236,0.00332989
90255,90.255,0.00333076
90273,90.273,0.00333159
90291,90.291,0.00333242
90309,90.309,0.00333324
90327,90.327,0.00333407
90345,90.345,0.00333489
90364,90.364,0.00333576
90382,90.382,0.00333659
90400,90.4,0.00333742
90418,90.418,0.00333824
90436,90.436,0.00333907
90455,90.455,0.00333994
90473,90.473,0.00334077
90491,90.491,0.00334159
90509,90.509,0.00334242
90527,90.527,0.00334324
90545,90.545,0.00334407
90564,90.564,0.00334494
90582,90.582,0.00334577
90600,90.6,0.00334659
90618,90.618,0.00334742
90636,90.636,0.00334825
90655,90.655,0.00334912
90673,90.673,0.00334994
90691,90.691,0.00335077
90709,90.709,0.0033516
90727,90.727,0.00335242
90745,90.745,0.00335325
90764,90.764,0.00335412
90782,90.782,0.00335495
90800,90.8,0.00335577
90818,90.818,0.0033566
90836,90.836,0.00335742
90855,90.855,0.00335829
90873,90.873,0.00335912
90891,90.891,0.00335995
90909,90.909,0.00336077
90927,90.927,0.0033616
90945,90.945,0.00336242
90964,90.964,0.0033633
90982,90.982,0.00336412
91000,91,0.00336495
91018,91.018,0.00336577
91036,91.036,0.0033666
91055,91.055,0.00336747
91073,91.073,0.0033683
91091,91.091,0.00336912
91109,91.109,0.00336995
91127,91.127,0.00337077
91145,91.145,0.0033716
91164,91.164,0.00337247
91182,91.182,0.0033733
91200,91.2,0.00337412
91218,91.218,0.00337495
91236,91.236,0.00337577
91255,91.255,0.00337665
91273,91.273,0.00337747
91291,91.291,0.0033783
91309,91.309,0.00337912
91327,91.327,0.00337995
91345,91.345,0.00338077
91364,91.364,0.00338165
91382,91.382,0.00338247
91400,91.4,0.0033833
91418,91.418,0.00338412
91436,91.436,0.00338495
91455,91.455,0.00338582
91473,91.473,0.00338665
91491,91.491,0.00338747
91509,91.509,0.0033883
91527,91.527,0.00338912
91545,91.545,0.00338995
91564,91.564,0.00339082
91582,91.582,0.00339164
91600,91.6,0.00339247
91618,91.618,0.0033933
91636,91.636,0.00339412
91655,91.655,0.00339499
91673,91.673,0.00339582
91691,91.691,0.00339664
91709,91.709,0.00339747
91727,91.727,0.00339829
91745,91.745,0.00339912
91764,91.764,0.00339999
91782,91.782,0.00340081
91800,91.8,0.00340164
91818,91.818,0.00340247
91836,91.836,0.00340329
91855,91.855,0.00340416
91873,91.873,0.00340499
91891,91.891,0.00340581
91909,91.909,0.00340664
91927,91.927,0.00340746
91945,91.945,0.00340829
91964,91.964,0.00340916
91982,91.982,0.00340998
92000,92,0.00341081
92018,92.018,0.00341163
92036,92.036,0.00341246
92055,92.055,0.00341333
92073,92.073,0.00341415
92091,92.091,0.00341498
92109,92.109,0.0034158
92127,92.127,0.00341663
92145,92.145,0.00341745
92164,92.164,0.00341832
92182,92.182,0.00341915
92200,92.2,0.00341997
92218,92.218,0.0034208
92236,92.236,0.00342162
92255,92.255,0.00342249
92273,92.273,0.00342332
92291,92.291,0.00342414
92309,92.309,0.00342497
92327,92.327,0.00342579
92345,92.345,0.00342662
92364,92.364,0.00342749
92382,92.382,0.00342831
92400,92.4,0.00342914
92418,92.418,0.00342996
92436,92.436,0.00343079
92455,92.455,0.00343166
92473,92.473,0.00343248
92491,92.491,0.0034333
92509,92.509,0.00343413
92527,92.527,0.00343495
92545,92.545,0.00343578
92564,92.564,0.00343665
92582,92.582,0.00343747
92600,92.6,0.0034383
92618,92.618,0.00343912
92636,92.636,0.00343994
92655,92.655,0.00344081
92673,92.673,0.00344164
92691,92.691,0.00344246
92709,92.709,0.00344329
92727,92.727,0.00344411
92745,92.745,0.00344494
92764,92.764,0.0034458
92782,92.782,0.00344663
92800,92.8,0.00344745
92818,92.818,0.00344828
92836,92.836,0.0034491
92855,92.855,0.00344997
92873,92.873,0.00345079
92891,92.891,0.00345162
92909,92.909,0.00345244
92927,92.927,0.00345326
92945,92.945,0.00345409
92964,92.964,0.00345496
92982,92.982,0.00345578
93000,93,0.0034566
93018,93.018,0.00345743
93036,93.036,0.00345825
93055,93.055,0.00345912
93073,93.073,0.00345994
93091,93.091,0.00346077
93109,93.109,0.00346159
93127,93.127,0.00346241
93145,93.145,0.00346324
93164,93.164,0.00346411
93182,93.182,0.00346493
93200,93.2,0.00346575
93218,93.218,0.00346658
93236,93.236,0.0034674
93255,93.255,0.00346827
93273,93.273,0.00346909
93291,93.291,0.00346991
93309,93.309,0.00347074
93327,93.327,0.00347156
93345,93.345,0.00347238
93364,93.364,0.00347325
93382,93.382,0.00347407
93400,93.4,0.0034749
93418,93.418,0.00347572
93436,93.436,0.00347654
93455,93.455,0.00347741
93473,93.473,0.00347823
93491,93.491,0.00347906
93509,93.509,0.00347988
93527,93.527,0.0034807
93545,93.545,0.00348152
93564,93.564,0.00348239
93582,93.582,0.00348321
93600,93.6,0.00348404
93618,93.618,0.00348486
93636,93.636,0.00348568
93655,93.655,0.00348655
93673,93.673,0.00348737
93691,93.691,0.00348819
93709,93.709,0.00348902
93727,93.727,0.00348984
93745,93.745,0.00349066
93764,93.764,0.00349153
93782,93.782,0.00349235
93800,93.8,0.00349317
93818,93.818,0.00349399
93836,93.836,0.00349481
93855,93.855,0.00349568
93873,93.873,0.0034965
93891,93.891,0.00349733
93909,93.909,0.00349815
93927,93.927,0.00349897
93945,93.945,0.00349979
93964,93.964,0.00350066
93982,93.982,0.00350148
94000,94,0.0035023
94018,94.018,0.00350312
94036,94.036,0.00350394
94055,94.055,0.00350481
94073,94.073,0.00350563
94091,94.091,0.00350645
94109,94.109,0.00350727
94127,94.127,0.00350809
94145,94.145,0.00350891
94164,94.164,0.00350978
94182,94.182,0.0035106
94200,94.2,0.00351142
94218,94.218,0.00351224
94236,94.236,0.00351306
94255,94.255,0.00351393
94273,94.273,0.00351475
94291,94.291,0.00351557
94309,94.309,0.00351639
94327,94.327,0.00351721
94345,94.345,0.00351803
94364,94.364,0.0035189
94382,94.382,0.00351972
94400,94.4,0.00352054
94418,94.418,0.00352136
94436,94.436,0.00352218
94455,94.455,0.00352305
94473,94.473,0.00352387
94491,94.491,0.00352469
94509,94.509,0.00352551
94527,94.527,0.00352633
94545,94.545,0.00352715
94564,94.564,0.00352801
94582,94.582,0.00352883
94600,94.6,0.00352965
94618,94.618,0.00353047
94636,94.636,0.00353129
94655,94.655,0.00353216
94673,94.673,0.00353298
94691,94.691,0.0035338
94709,94.709,0.00353462
94727,94.727,0.00353543
94745,94.745,0.00353625
94764,94.764,0.00353712
94782,94.782,0.00353794
94800,94.8,0.00353876
94818,94.818,0.00353958
94836,94.836,0.0035404
94855,94.855,0.00354126
94873,94.873,0.00354208
94891,94.891,0.0035429
94909,94.909,0.00354372
94927,94.927,0.00354454
94945,94.945,0.00354535
94964,94.964,0.00354622
94982,94.982,0.00354704
95000,95,0.00354786
95018,95.018,0.00354867
95036,95.036,0.00354949
95055,95.055,0.00355036
95073,95.073,0.00355118
95091,95.091,0.00355199
95109,95.109,0.00355281
95127,95.127,0.00355363
95145,95.145,0.00355445
95164,95.164,0.00355531
95182,95.182,0.00355613
95200,95.2,0.00355695
95218,95.218,0.00355777
95236,95.236,0.00355858
95255,95.255,0.00355945
95273,95.273,0.00356026
95291,95.291,0.00356108
95309,95.309,0.0035619
95327,95.327,0.00356272
95345,95.345,0.00356353
95364,95.364,0.0035644
95382,95.382,0.00356521
95400,95.4,0.00356603
95418,95.418,0.00356685
95436,95.436,0.00356767
95455,95.455,0.00356853
95473,95.473,0.00356935
95491,95.491,0.00357016
95509,95.509,0.00357098
95527,95.527,0.0035718
95545,95.545,0.00357261
95564,95.564,0.00357348
95582,95.582,0.00357429
95600,95.6,0.00357511
95618,95.618,0.00357593
95636,95.636,0.00357674
95655,95.655,0.0035776
95673,95.673,0.00357842
95691,95.691,0.00357924
95709,95.709,0.00358005
95727,95.727,0.00358087
95745,95.745,0.00358168
95764,95.764,0.00358255
95782,95.782,0.00358336
95800,95.8,0.00358418
95818,95.818,0.00358499
95836,95.836,0.00358581
95855,95.855,0.00358667
95873,95.873,0.00358749
95891,95.891,0.0035883
95909,95.909,0.00358912
95927,95.927,0.00358993
95945,95.945,0.00359075
95964,95.964,0.00359161
95982,95.982,0.00359242
96000,96,0.00359324
96018,96.018,0.00359405
96036,96.036,0.00359487
96055,96.055,0.00359573
96073,96.073,0.00359654
96091,96.091,0.00359736
96109,96.109,0.00359817
96127,96.127,0.00359899
96145,96.145,0.0035998
96164,96.164,0.00360066
96182,96.182,0.00360148
96200,96.2,0.00360229
96218,96.218,0.00360311
96236,96.236,0.00360392
96255,96.255,0.00360478
96273,96.273,0.00360559
96291,96.291,0.00360641
96309,96.309,0.00360722
96327,96.327,0.00360804
96345,96.345,0.00360885
96364,96.364,0.00360971
96382,96.382,0.00361052
96400,96.4,0.00361134
96418,96.418,0.00361215
96436,96.436,0.00361296
96455,96.455,0.00361382
96473,96.473,0.00361464
96491,96.491,0.00361545
96509,96.509,0.00361626
96527,96.527,0.00361707
96545,96.545,0.00361789
96564,96.564,0.00361875
96582,96.582,0.00361956
96600,96.6,0.00362037
96618,96.618,0.00362118
96636,96.636,0.003622
96655,96.655,0.00362285
96673,96.673,0.00362367
96691,96.691,0.00362448
96709,96.709,0.00362529
96727,96.727,0.0036261
96745,96.745,0.00362692
96764,96.764,0.00362777
96782,96.782,0.00362859
96800,96.8,0.0036294
96818,96.818,0.00363021
96836,96.836,0.00363102
96855,96.855,0.00363188
96873,96.873,0.00363269
96891,96.891,0.0036335
96909,96.909,0.00363431
96927,96.927,0.00363513
96945,96.945,0.00363594
96964,96.964,0.00363679
96982,96.982,0.0036376
97000,97,0.00363842
97018,97.018,0.00363923
97036,97.036,0.00364004
97055,97.055,0.00364089
97073,97.073,0.0036417
97091,97.091,0.00364251
97109,97.109,0.00364333
97127,97.127,0.00364414
97145,97.145,0.00364495
97164,97.164,0.0036458
97182,97.182,0.00364661
97200,97.2,0.00364742
97218,97.218,0.00364823
97236,97.236,0.00364904
97255,97.255,0.0036499
97273,97.273,0.00365071
97291,97.291,0.00365152
97309,97.309,0.00365233
97327,97.327,0.00365314
97345,97.345,0.00365395
97364,97.364,0.0036548
97382,97.382,0.00365561
97400,97.4,0.00365642
97418,97.418,0.00365723
97436,97.436,0.00365804
97455,97.455,0.00365889
97473,97.473,0.0036597
97491,97.491,0.00366051
97509,97.509,0.00366132
97527,97.527,0.00366213
97545,97.545,0.00366294
97564,97.564,0.00366379
97582,97.582,0.0036646
97600,97.6,0.00366541
97618,97.618,0.00366622
97636,97.636,0.00366702
97655,97.655,0.00366788
97673,97.673,0.00366869
97691,97.691,0.00366949
97709,97.709,0.0036703
97727,97.727,0.00367111
97745,97.745,0.00367192
97764,97.764,0.00367277
97782,97.782,0.00367358
97800,97.8,0.00367439
97818,97.818,0.00367519
97836,97.836,0.003676
97855,97.855,0.00367685
97873,97.873,0.00367766
97891,97.891,0.00367847
97909,97.909,0.00367927
97927,97.927,0.00368008
97945,97.945,0.00368089
97964,97.964,0.00368174
97982,97.982,0.00368255
98000,98,0.00368335
98018,98.018,0.00368416
98036,98.036,0.00368497
98055,98.055,0.00368582
98073,98.073,0.00368662
98091,98.091,0.00368743
98109,98.109,0.00368823
98127,98.127,0.00368904
98145,98.145,0.00368985
98164,98.164,0.0036907
98182,98.182,0.0036915
98200,98.2,0.00369231
98218,98.218,0.00369311
98236,98.236,0.00369392
98255,98.255,0.00369477
98273,98.273,0.00369557
98291,98.291,0.00369638
98309,98.309,0.00369718
98327,98.327,0.00369799
98345,98.345,0.00369879
98364,98.364,0.00369964
98382,98.382,0.00370045
98400,98.4,0.00370125
98418,98.418,0.00370206
98436,98.436,0.00370286
98455,98.455,0.00370371
98473,98.473,0.00370451
98491,98.491,0.00370532
98509,98.509,0.00370612
98527,98.527,0.00370693
98545,98.545,0.00370773
98564,98.564,0.00370858
98582,98.582,0.00370938
98600,98.6,0.00371019
98618,98.618,0.00371099
98636,98.636,0.00371179
98655,98.655,0.00371264
98673,98.673,0.00371344
98691,98.691,0.00371425
98709,98.709,0.00371505
98727,98.727,0.00371585
98745,98.745,0.00371666
98764,98.764,0.0037175
98782,98.782,0.00371831
98800,98.8,0.00371911
98818,98.818,0.00371991
98836,98.836,0.00372071
98855,98.855,0.00372156
98873,98.873,0.00372236
98891,98.891,0.00372316
98909,98.909,0.00372397
98927,98.927,0.00372477
98945,98.945,0.00372557
98964,98.964,0.00372642
98982,98.982,0.00372722
99000,99,0.00372802
99018,99.018,0.00372882
99036,99.036,0.00372962
99055,99.055,0.00373047
99073,99.073,0.00373127
99091,99.091,0.00373207
99109,99.109,0.00373287
99127,99.127,0.00373367
99145,99.145,0.00373447
99164,99.164,0.00373532
99182,99.182,0.00373612
99200,99.2,0.00373692
99218,99.218,0.00373772
99236,99.236,0.00373852
99255,99.255,0.00373936
99273,99.273,0.00374016
99291,99.291,0.00374096
99309,99.309,0.00374176
99327,99.327,0.00374256
99345,99.345,0.00374336
99364,99.364,0.0037442
99382,99.382,0.003745
99400,99.4,0.0037458
99418,99.418,0.0037466
99436,99.436,0.0037474
99455,99.455,0.00374824
99473,99.473,0.00374904
99491,99.491,0.00374984
99509,99.509,0.00375064
99527,99.527,0.00375144
99545,99.545,0.00375224
99564,99.564,0.00375308
99582,99.582,0.00375388
99600,99.6,0.00375468
99618,99.618,0.00375547
99636,99.636,0.00375627
99655,99.655,0.00375711
99673,99.673,0.00375791
99691,99.691,0.00375871
99709,99.709,0.00375951
99727,99.727,0.0037603
99745,99.745,0.0037611
99764,99.764,0.00376194
99782,99.782,0.00376274
99800,99.8,0.00376354
99818,99.818,0.00376433
99836,99.836,0.00376513
99855,99.855,0.00376597
99873,99.873,0.00376677
99891,99.891,0.00376757
99909,99.909,0.00376836
99927,99.927,0.00376916
99945,99.945,0.00376995
99964,99.964,0.00377079
99982,99.982,0.00377159
100000,100,0.00377239
100018,100.018,0.00377318
100036,100.036,0.00377398
100055,100.055,0.00377482
100073,100.073,0.00377561
100091,100.091,0.00377641
100109,100.109,0.0037772
100127,100.127,0.003778
100145,100.145,0.00377879
100164,100.164,0.00377963
100182,100.182,0.00378043
100200,100.2,0.00378122
100218,100.218,0.00378201
100236,100.236,0.00378281
100255,100.255,0.00378365
100273,100.273,0.00378444
100291,100.291,0.00378524
100309,100.309,0.00378603
100327,100.327,0.00378682
100345,100.345,0.00378762
100364,100.364,0.00378845
100382,100.382,0.00378925
100400,100.4,0.00379004
100418,100.418,0.00379083
100436,100.436,0.00379163
100455,100.455,0.00379246
100473,100.473,0.00379326
100491,100.491,0.00379405
100509,100.509,0.00379484
100527,100.527,0.00379564
100545,100.545,0.00379643
100564,100.564,0.00379726
100582,100.582,0.00379806
100600,100.6,0.00379885
100618,100.618,0.00379964
100636,100.636,0.00380043
100655,100.655,0.00380127
100673,100.673,0.00380206
100691,100.691,0.00380285
100709,100.709,0.00380364
100727,100.727,0.00380444
100745,100.745,0.00380523
100764,100.764,0.00380606
100782,100.782,0.00380685
100800,100.8,0.00380764
100818,100.818,0.00380843
100836,100.836,0.00380922
100855,100.855,0.00381006
100873,100.873,0.00381085
100891,100.891,0.00381164
100909,100.909,0.00381243
100927,100.927,0.00381322
100945,100.945,0.00381401
100964,100.964,0.00381484
100982,100.982,0.00381563
101000,101,0.00381642
101018,101.018,0.00381721
101036,101.036,0.003818
101055,101.055,0.00381884
101073,101.073,0.00381962
101091,101.091,0.00382041
101109,101.109,0.0038212
101127,101.127,0.00382199
101145,101.145,0.00382278
101164,101.164,0.00382361
101182,101.182,0.0038244
101200,101.2,0.00382519
101218,101.218,0.00382598
101236,101.236,0.00382677
101255,101.255,0.0038276
101273,101.273,0.00382838
101291,101.291,0.00382917
101309,101.309,0.00382996
101327,101.327,0.00383075
101345,101.345,0.00383153
101364,101.364,0.00383237
101382,101.382,0.00383315
101400,101.4,0.00383394
101418,101.418,0.00383473
101436,101.436,0.00383551
101455,101.455,0.00383634
101473,101.473,0.00383713
101491,101.491,0.00383792
101509,101.509,0.0038387
101527,101.527,0.00383949
101545,101.545,0.00384028
101564,101.564,0.0038411
101582,101.582,0.00384189
101600,101.6,0.00384268
101618,101.618,0.00384346
101636,101.636,0.00384425
101655,101.655,0.00384508
101673,101.673,0.00384586
101691,101.691,0.00384665
101709,101.709,0.00384743
101727,101.727,0.00384822
101745,101.745,0.003849
101764,101.764,0.00384983
101782,101.782,0.00385061
101800,101.8,0.0038514
101818,101.818,0.00385218
101836,101.836,0.00385297
101855,101.855,0.00385379
101873,101.873,0.00385458
101891,101.891,0.00385536
101909,101.909,0.00385614
101927,101.927,0.00385693
101945,101.945,0.00385771
101964,101.964,0.00385854
101982,101.982,0.00385932
102000,102,0.0038601
102018,102.018,0.00386089
102036,102.036,0.00386167
102055,102.055,0.0038625
102073,102.073,0.00386328
102091,102.091,0.00386406
102109,102.109,0.00386484
102127,102.127,0.00386562
102145,102.145,0.00386641
102164,102.164,0.00386723
102182,102.182,0.00386801
102200,102.2,0.0038688
102218,102.218,0.00386958
102236,102.236,0.00387036
102255,102.255,0.00387118
102273,102.273,0.00387196
102291,102.291,0.00387274
102309,102.309,0.00387353
102327,102.327,0.00387431
102345,102.345,0.00387509
102364,102.364,0.00387591
102382,102.382,0.00387669
102400,102.4,0.00387747
102418,102.418,0.00387825
102436,102.436,0.00387903
102455,102.455,0.00387985
102473,102.473,0.00388063
102491,102.491,0.00388141
102509,102.509,0.00388219
102527,102.527,0.00388297
102545,102.545,0.00388375
102564,102.564,0.00388457
102582,102.582,0.00388535
102600,102.6,0.00388613
102618,102.618,0.00388691
102636,102.636,0.00388769
102655,102.655,0.00388851
102673,102.673,0.00388929
102691,102.691,0.00389007
102709,102.709,0.00389084
102727,102.727,0.00389162
102745,102.745,0.0038924
102764,102.764,0.00389322
102782,102.782,0.003894
102800,102.8,0.00389477
102818,102.818,0.00389555
102836,102.836,0.00389633
102855,102.855,0.00389715
102873,102.873,0.00389793
102891,102.891,0.0038987
102909,102.909,0.00389948
102927,102.927,0.00390025
102945,102.945,0.00390103
102964,102.964,0.00390185
102982,102.982,0.00390263
103000,103,0.0039034
103018,103.018,0.00390418
103036,103.036,0.00390495
103055,103.055,0.00390577
103073,103.073,0.00390655
103091,103.091,0.00390732
103109,103.109,0.0039081
103127,103.127,0.00390887
103145,103.145,0.00390965
103164,103.164,0.00391046
103182,103.182,0.00391124
103200,103.2,0.00391201
103218,103.218,0.00391279
103236,103.236,0.00391356
103255,103.255,0.00391438
103273,103.273,0.00391515
103291,103.291,0.00391593
103309,103.309,0.0039167
103327,103.327,0.00391747
103345,103.345,0.00391825
103364,103.364,0.00391906
103382,103.382,0.00391984
103400,103.4,0.00392061
103418,103.418,0.00392138
103436,103.436,0.00392215
103455,103.455,0.00392297
103473,103.473,0.00392374
103491,103.491,0.00392451
103509,103.509,0.00392529
103527,103.527,0.00392606
103545,103.545,0.00392683
103564,103.564,0.00392764
103582,103.582,0.00392841
103600,103.6,0.00392919
103618,103.618,0.00392996
103636,103.636,0.00393073
103655,103.655,0.00393154
103673,103.673,0.00393231
103691,103.691,0.00393308
103709,103.709,0.00393385
103727,103.727,0.00393462
103745,103.745,0.00393539
103764,103.764,0.00393621
103782,103.782,0.00393698
103800,103.8,0.00393775
103818,103.818,0.00393852
103836,103.836,0.00393929
103855,103.855,0.0039401
103873,103.873,0.00394087
103891,103.891,0.00394164
103909,103.909,0.00394241
103927,103.927,0.00394317
103945,103.945,0.00394394
103964,103.964,0.00394475
103982,103.982,0.00394552
104000,104,0.00394629
104018,104.018,0.00394706
104036,104.036,0.00394783
104055,104.055,0.00394864
104073,104.073,0.0039494
104091,104.091,0.00395017
104109,104.109,0.00395094
104127,104.127,0.00395171
104145,104.145,0.00395247
104164,104.164,0.00395328
104182,104.182,0.00395405
104200,104.2,0.00395482
104218,104.218,0.00395558
104236,104.236,0.00395635
104255,104.255,0.00395716
104273,104.273,0.00395792
104291,104.291,0.00395869
104309,104.309,0.00395946
104327,104.327,0.00396022
104345,104.345,0.00396099
104364,104.364,0.0039618
104382,104.382,0.00396256
104400,104.4,0.00396333
104418,104.418,0.00396409
104436,104.436,0.00396486
104455,104.455,0.00396566
104473,104.473,0.00396643
104491,104.491,0.00396719
104509,104.509,0.00396796
104527,104.527,0.00396872
104545,104.545,0.00396948
104564,104.564,0.00397029
104582,104.582,0.00397105
104600,104.6,0.00397182
104618,104.618,0.00397258
104636,104.636,0.00397334
104655,104.655,0.00397415
104673,104.673,0.00397491
104691,104.691,0.00397568
104709,104.709,0.00397644
104727,104.727,0.0039772
104745,104.745,0.00397796
104764,104.764,0.00397877
104782,104.782,0.00397953
104800,104.8,0.00398029
104818,104.818,0.00398105
104836,104.836,0.00398181
104855,104.855,0.00398262
104873,104.873,0.00398338
104891,104.891,0.00398414
104909,104.909,0.0039849
104927,104.927,0.00398566
104945,104.945,0.00398642
104964,104.964,0.00398723
104982,104.982,0.00398799
105000,105,0.00398875
105018,105.018,0.00398951
105036,105.036,0.00399027
105055,105.055,0.00399107
105073,105.073,0.00399183
105091,105.091,0.00399259
105109,105.109,0.00399335
105127,105.127,0.00399411
105145,105.145,0.00399486
105164,105.164,0.00399567
105182,105.182,0.00399642
105200,105.2,0.00399718
105218,105.218,0.00399794
105236,105.236,0.0039987
105255,105.255,0.0039995
105273,105.273,0.00400026
105291,105.291,0.00400102
105309,105.309,0.00400177
105327,105.327,0.00400253
105345,105.345,0.00400329
105364,105.364,0.00400409
105382,105.382,0.00400484
105400,105.4,0.0040056
105418,105.418,0.00400636
105436,105.436,0.00400711
105455,105.455,0.00400791
105473,105.473,0.00400867
105491,105.491,0.00400943
105509,105.509,0.00401018
105527,105.527,0.00401094
105545,105.545,0.00401169
105564,105.564,0.00401249
105582,105.582,0.00401325
105600,105.6,0.004014
105618,105.618,0.00401476
105636,105.636,0.00401551
105655,105.655,0.00401631
105673,105.673,0.00401706
105691,105.691,0.00401782
105709,105.709,0.00401857
105727,105.727,0.00401932
105745,105.745,0.00402008
105764,105.764,0.00402087
105782,105.782,0.00402163
105800,105.8,0.00402238
105818,105.818,0.00402313
105836,105.836,0.00402389
105855,105.855,0.00402468
105873,105.873,0.00402544
105891,105.891,0.00402619
105909,105.909,0.00402694
105927,105.927,0.00402769
105945,105.945,0.00402845
105964,105.964,0.00402924
105982,105.982,0.00402999
106000,106,0.00403074
106018,106.018,0.00403149
106036,106.036,0.00403225
106055,106.055,0.00403304
106073,106.073,0.00403379
106091,106.091,0.00403454
106109,106.109,0.00403529
106127,106.127,0.00403604
106145,106.145,0.00403679
106164,106.164,0.00403759
106182,106.182,0.00403834
106200,106.2,0.00403909
106218,106.218,0.00403984
106236,106.236,0.00404059
106255,106.255,0.00404138
106273,106.273,0.00404213
106291,106.291,0.00404287
106309,106.309,0.00404362
106327,106.327,0.00404437
106345,106.345,0.00404512
106364,106.364,0.00404591
106382,106.382,0.00404666
106400,106.4,0.00404741
106418,106.418,0.00404816
106436,106.436,0.0040489
106455,106.455,0.00404969
106473,106.473,0.00405044
106491,106.491,0.00405119
106509,106.509,0.00405194
106527,106.527,0.00405268
106545,106.545,0.00405343
106564,106.564,0.00405422
106582,106.582,0.00405497
106600,106.6,0.00405571
106618,106.618,0.00405646
106636,106.636,0.0040572
106655,106.655,0.00405799
106673,106.673,0.00405874
106691,106.691,0.00405948
106709,106.709,0.00406023
106727,106.727,0.00406097
106745,106.745,0.00406172
106764,106.764,0.00406251
106782,106.782,0.00406325
106800,106.8,0.004064
106818,106.818,0.00406474
106836,106.836,0.00406549
106855,106.855,0.00406627
106873,106.873,0.00406701
106891,106.891,0.00406776
106909,106.909,0.0040685
106927,106.927,0.00406925
106945,106.945,0.00406999
106964,106.964,0.00407077
106982,106.982,0.00407152
107000,107,0.00407226
107018,107.018,0.004073
107036,107.036,0.00407375
107055,107.055,0.00407453
107073,107.073,0.00407527
107091,107.091,0.00407601
107109,107.109,0.00407676
107127,107.127,0.0040775
107145,107.145,0.00407824
107164,107.164,0.00407902
107182,107.182,0.00407976
107200,107.2,0.0040805
107218,107.218,0.00408124
107236,107.236,0.00408199
107255,107.255,0.00408277
107273,107.273,0.00408351
107291,107.291,0.00408425
107309,107.309,0.00408499
107327,107.327,0.00408573
107345,107.345,0.00408647
107364,107.364,0.00408725
107382,107.382,0.00408799
107400,107.4,0.00408873
107418,107.418,0.00408947
107436,107.436,0.0040902
107455,107.455,0.00409098
107473,107.473,0.00409172
107491,107.491,0.00409246
107509,107.509,0.0040932
107527,107.527,0.00409394
107545,107.545,0.00409468
107564,107.564,0.00409545
107582,107.582,0.00409619
107600,107.6,0.00409693
107618,107.618,0.00409767
107636,107.636,0.0040984
107655,107.655,0.00409918
107673,107.673,0.00409992
107691,107.691,0.00410066
107709,107.709,0.00410139
107727,107.727,0.00410213
107745,107.745,0.00410286
107764,107.764,0.00410364
107782,107.782,0.00410438
107800,107.8,0.00410511
107818,107.818,0.00410585
107836,107.836,0.00410658
107855,107.855,0.00410736
107873,107.873,0.00410809
107891,107.891,0.00410883
107909,107.909,0.00410956
107927,107.927,0.0041103
107945,107.945,0.00411103
107964,107.964,0.00411181
107982,107.982,0.00411254
108000,108,0.00411327
108018,108.018,0.00411401
108036,108.036,0.00411474
108055,108.055,0.00411551
108073,108.073,0.00411625
108091,108.091,0.00411698
108109,108.109,0.00411771
108127,108.127,0.00411844
108145,108.145,0.00411918
108164,108.164,0.00411995
108182,108.182,0.00412068
108200,108.2,0.00412141
108218,108.218,0.00412215
108236,108.236,0.00412288
108255,108.255,0.00412365
108273,108.273,0.00412438
108291,108.291,0.00412511
108309,108.309,0.00412584
108327,108.327,0.00412657
108345,108.345,0.0041273
108364,108.364,0.00412807
108382,108.382,0.0041288
108400,108.4,0.00412953
108418,108.418,0.00413026
108436,108.436,0.00413099
108455,108.455,0.00413176
108473,108.473,0.00413249
108491,108.491,0.00413322
108509,108.509,0.00413395
108527,108.527,0.00413468
108545,108.545,0.00413541
108564,108.564,0.00413618
108582,108.582,0.0041369
108600,108.6,0.00413763
108618,108.618,0.00413836
108636,108.636,0.00413909
108655,108.655,0.00413985
108673,108.673,0.00414058
108691,108.691,0.00414131
108709,108.709,0.00414204
108727,108.727,0.00414276
108745,108.745,0.00414349
108764,108.764,0.00414426
108782,108.782,0.00414498
108800,108.8,0.00414571
108818,108.818,0.00414643
108836,108.836,0.00414716
108855,108.855,0.00414793
108873,108.873,0.00414865
108891,108.891,0.00414938
108909,108.909,0.0041501
108927,108.927,0.00415082
108945,108.945,0.00415155
108964,108.964,0.00415231
108982,108.982,0.00415304
109000,109,0.00415376
109018,109.018,0.00415449
109036,109.036,0.00415521
109055,109.055,0.00415597
109073,109.073,0.0041567
109091,109.091,0.00415742
109109,109.109,0.00415814
109127,109.127,0.00415887
109145,109.145,0.00415959
109164,109.164,0.00416035
109182,109.182,0.00416107
109200,109.2,0.0041618
109218,109.218,0.00416252
109236,109.236,0.00416324
109255,109.255,0.004164
109273,109.273,0.00416472
109291,109.291,0.00416544
109309,109.309,0.00416616
109327,109.327,0.00416689
109345,109.345,0.00416761
109364,109.364,0.00416837
109382,109.382,0.00416909
109400,109.4,0.00416981
109418,109.418,0.00417053
109436,109.436,0.00417125
109455,109.455,0.00417201
109473,109.473,0.00417273
109491,109.491,0.00417344
109509,109.509,0.00417416
109527,109.527,0.00417488
109545,109.545,0.0041756
109564,109.564,0.00417636
109582,109.582,0.00417708
109600,109.6,0.0041778
109618,109.618,0.00417851
109636,109.636,0.00417923
109655,109.655,0.00417999
109673,109.673,0.00418071
109691,109.691,0.00418142
109709,109.709,0.00418214
109727,109.727,0.00418286
109745,109.745,0.00418357
109764,109.764,0.00418433
109782,109.782,0.00418505
109800,109.8,0.00418576
109818,109.818,0.00418648
109836,109.836,0.00418719
109855,109.855,0.00418795
109873,109.873,0.00418866
109891,109.891,0.00418938
109909,109.909,0.00419009
109927,109.927,0.00419081
109945,109.945,0.00419152
109964,109.964,0.00419228
109982,109.982,0.00419299
110000,110,0.00419371
110018,110.018,0.00419442
110036,110.036,0.00419513
110055,110.055,0.00419589
110073,110.073,0.0041966
110091,110.091,0.00419731
110109,110.109,0.00419803
110127,110.127,0.00419874
110145,110.145,0.00419945
110164,110.164,0.0042002
110182,110.182,0.00420092
110200,110.2,0.00420163
110218,110.218,0.00420234
110236,110.236,0.00420305
110255,110.255,0.0042038
110273,110.273,0.00420451
110291,110.291,0.00420522
110309,110.309,0.00420594
110327,110.327,0.00420665
110345,110.345,0.00420736
110364,110.364,0.00420811
110382,110.382,0.00420882
110400,110.4,0.00420953
110418,110.418,0.00421024
110436,110.436,0.00421095
110455,110.455,0.0042117
110473,110.473,0.0042124
110491,110.491,0.00421311
110509,110.509,0.00421382
110527,110.527,0.00421453
110545,110.545,0.00421524
110564,110.564,0.00421599
110582,110.582,0.0042167
110600,110.6,0.0042174
110618,110.618,0.00421811
110636,110.636,0.00421882
110655,110.655,0.00421956
110673,110.673,0.00422027
110691,110.691,0.00422098
110709,110.709,0.00422169
110727,110.727,0.00422239
110745,110.745,0.0042231
110764,110.764,0.00422384
110782,110.782,0.00422455
110800,110.8,0.00422526
110818,110.818,0.00422596
110836,110.836,0.00422667
110855,110.855,0.00422741
110873,110.873,0.00422812
110891,110.891,0.00422882
110909,110.909,0.00422953
110927,110.927,0.00423023
110945,110.945,0.00423093
110964,110.964,0.00423168
110982,110.982,0.00423238
111000,111,0.00423309
111018,111.018,0.00423379
111036,111.036,0.00423449
111055,111.055,0.00423523
111073,111.073,0.00423594
111091,111.091,0.00423664
111109,111.109,0.00423734
111127,111.127,0.00423804
111145,111.145,0.00423875
111164,111.164,0.00423949
111182,111.182,0.00424019
111200,111.2,0.00424089
111218,111.218,0.00424159
111236,111.236,0.00424229
111255,111.255,0.00424303
111273,111.273,0.00424373
111291,111.291,0.00424444
111309,111.309,0.00424514
111327,111.327,0.00424584
111345,111.345,0.00424654
111364,111.364,0.00424728
111382,111.382,0.00424797
111400,111.4,0.00424867
111418,111.418,0.00424937
111436,111.436,0.00425007
111455,111.455,0.00425081
111473,111.473,0.00425151
111491,111.491,0.00425221
111509,111.509,0.00425291
111527,111.527,0.0042536
111545,111.545,0.0042543
111564,111.564,0.00425504
111582,111.582,0.00425574
111600,111.6,0.00425643
111618,111.618,0.00425713
111636,111.636,0.00425783
111655,111.655,0.00425856
111673,111.673,0.00425926
111691,111.691,0.00425996
111709,111.709,0.00426065
111727,111.727,0.00426135
111745,111.745,0.00426204
111764,111.764,0.00426278
111782,111.782,0.00426347
111800,111.8,0.00426417
111818,111.818,0.00426486
111836,111.836,0.00426556
111855,111.855,0.00426629
111873,111.873,0.00426699
111891,111.891,0.00426768
111909,111.909,0.00426837
111927,111.927,0.00426907
111945,111.945,0.00426976
111964,111.964,0.00427049
111982,111.982,0.00427119
112000,112,0.00427188
112018,112.018,0.00427257
112036,112.036,0.00427327
112055,112.055,0.004274
112073,112.073,0.00427469
112091,112.091,0.00427538
112109,112.109,0.00427607
112127,112.127,0.00427676
112145,112.145,0.00427746
112164,112.164,0.00427818
112182,112.182,0.00427888
112200,112.2,0.00427957
112218,112.218,0.00428026
112236,112.236,0.00428095
112255,112.255,0.00428168
112273,112.273,0.00428237
112291,112.291,0.00428306
112309,112.309,0.00428375
112327,112.327,0.00428444
112345,112.345,0.00428512
112364,112.364,0.00428585
112382,112.382,0.00428654
112400,112.4,0.00428723
112418,112.418,0.00428792
112436,112.436,0.00428861
112455,112.455,0.00428933
112473,112.473,0.00429002
112491,112.491,0.00429071
112509,112.509,0.0042914
112527,112.527,0.00429208
112545,112.545,0.00429277
112564,112.564,0.00429349
112582,112.582,0.00429418
112600,112.6,0.00429487
112618,112.618,0.00429555
112636,112.636,0.00429624
112655,112.655,0.00429696
112673,112.673,0.00429765
112691,112.691,0.00429834
112709,112.709,0.00429902
112727,112.727,0.00429971
112745,112.745,0.00430039
112764,112.764,0.00430111
112782,112.782,0.0043018
112800,112.8,0.00430248
112818,112.818,0.00430317
112836,112.836,0.00430385
112855,112.855,0.00430457
112873,112.873,0.00430525
112891,112.891,0.00430594
112909,112.909,0.00430662
112927,112.927,0.0043073
112945,112.945,0.00430799
112964,112.964,0.00430871
112982,112.982,0.00430939
113000,113,0.00431007
113018,113.018,0.00431075
113036,113.036,0.00431143
113055,113.055,0.00431215
113073,113.073,0.00431283
113091,113.091,0.00431352
113109,113.109,0.0043142
113127,113.127,0.00431488
113145,113.145,0.00431556
113164,113.164,0.00431628
113182,113.182,0.00431696
113200,113.2,0.00431764
113218,113.218,0.00431831
113236,113.236,0.00431899
113255,113.255,0.00431971
113273,113.273,0.00432039
113291,113.291,0.00432107
113309,113.309,0.00432175
113327,113.327,0.00432243
113345,113.345,0.0043231
113364,113.364,0.00432382
113382,113.382,0.0043245
113400,113.4,0.00432517
113418,113.418,0.00432585
113436,113.436,0.00432653
113455,113.455,0.00432724
113473,113.473,0.00432792
113491,113.491,0.0043286
113509,113.509,0.00432927
113527,113.527,0.00432995
113545,113.545,0.00433062
113564,113.564,0.00433134
113582,113.582,0.00433201
113600,113.6,0.00433269
113618,113.618,0.00433336
113636,113.636,0.00433404
113655,113.655,0.00433475
113673,113.673,0.00433542
113691,113.691,0.0043361
113709,113.709,0.00433677
113727,113.727,0.00433745
113745,113.745,0.00433812
113764,113.764,0.00433883
113782,113.782,0.0043395
113800,113.8,0.00434018
113818,113.818,0.00434085
113836,113.836,0.00434152
113855,113.855,0.00434223
113873,113.873,0.0043429
113891,113.891,0.00434358
113909,113.909,0.00434425
113927,113.927,0.00434492
113945,113.945,0.00434559
113964,113.964,0.0043463
113982,113.982,0.00434697
114000,114,0.00434764
114018,114.018,0.00434831
114036,114.036,0.00434898
114055,114.055,0.00434969
114073,114.073,0.00435036
114091,114.091,0.00435103
114109,114.109,0.0043517
114127,114.127,0.00435237
114145,114.145,0.00435304
114164,114.164,0.00435374
114182,114.182,0.00435441
114200,114.2,0.00435508
114218,114.218,0.00435575
114236,114.236,0.00435641
114255,114.255,0.00435712
114273,114.273,0.00435779
114291,114.291,0.00435845
114309,114.309,0.00435912
114327,114.327,0.00435979
114345,114.345,0.00436045
114364,114.364,0.00436116
114382,114.382,0.00436182
114400,114.4,0.00436249
114418,114.418,0.00436316
114436,114.436,0.00436382
114455,114.455,0.00436452
114473,114.473,0.00436519
114491,114.491,0.00436586
114509,114.509,0.00436652
114527,114.527,0.00436718
114545,114.545,0.00436785
114564,114.564,0.00436855
114582,114.582,0.00436921
114600,114.6,0.00436988
114618,114.618,0.00437054
114636,114.636,0.0043712
114655,114.655,0.0043719
114673,114.673,0.00437257
114691,114.691,0.00437323
114709,114.709,0.00437389
114727,114.727,0.00437455
114745,114.745,0.00437522
114764,114.764,0.00437591
114782,114.782,0.00437658
114800,114.8,0.00437724
114818,114.818,0.0043779
114836,114.836,0.00437856
114855,114.855,0.00437926
114873,114.873,0.00437992
114891,114.891,0.00438058
114909,114.909,0.00438124
114927,114.927,0.0043819
114945,114.945,0.00438256
114964,114.964,0.00438325
114982,114.982,0.00438391
115000,115,0.00438457
115018,115.018,0.00438523
115036,115.036,0.00438589
115055,115.055,0.00438658
115073,115.073,0.00438724
115091,115.091,0.0043879
115109,115.109,0.00438856
115127,115.127,0.00438922
115145,115.145,0.00438987
115164,115.164,0.00439057
115182,115.182,0.00439122
115200,115.2,0.00439188
115218,115.218,0.00439254
115236,115.236,0.00439319
115255,115.255,0.00439389
115273,115.273,0.00439454
115291,115.291,0.0043952
115309,115.309,0.00439585
115327,115.327,0.00439651
115345,115.345,0.00439716
115364,115.364,0.00439785
115382,115.382,0.00439851
115400,115.4,0.00439916
115418,115.418,0.00439982
115436,115.436,0.00440047
115455,115.455,0.00440116
115473,115.473,0.00440181
115491,115.491,0.00440247
115509,115.509,0.00440312
115527,115.527,0.00440377
115545,115.545,0.00440442
115564,115.564,0.00440511
115582,115.582,0.00440577
115600,115.6,0.00440642
115618,115.618,0.00440707
115636,115.636,0.00440772
115655,115.655,0.00440841
115673,115.673,0.00440906
115691,115.691,0.00440971
115709,115.709,0.00441036
115727,115.727,0.00441101
115745,115.745,0.00441166
115764,115.764,0.00441235
115782,115.782,0.004413
115800,115.8,0.00441365
115818,115.818,0.0044143
115836,115.836,0.00441494
115855,115.855,0.00441563
115873,115.873,0.00441628
115891,115.891,0.00441693
115909,115.909,0.00441757
115927,115.927,0.00441822
115945,115.945,0.00441887
115964,115.964,0.00441955
115982,115.982,0.0044202
116000,116,0.00442085
116018,116.018,0.00442149
116036,116.036,0.00442214
116055,116.055,0.00442282
116073,116.073,0.00442347
116091,116.091,0.00442412
116109,116.109,0.00442476
116127,116.127,0.00442541
116145,116.145,0.00442605
116164,116.164,0.00442673
116182,116.182,0.00442738
116200,116.2,0.00442802
116218,116.218,0.00442867
116236,116.236,0.00442931
116255,116.255,0.00442999
116273,116.273,0.00443064
116291,116.291,0.00443128
116309,116.309,0.00443192
116327,116.327,0.00443257
116345,116.345,0.00443321
116364,116.364,0.00443389
116382,116.382,0.00443453
116400,116.4,0.00443517
116418,116.418,0.00443581
116436,116.436,0.00443645
116455,116.455,0.00443713
116473,116.473,0.00443777
116491,116.491,0.00443841
116509,116.509,0.00443906
116527,116.527,0.0044397
116545,116.545,0.00444034
116564,116.564,0.00444101
116582,116.582,0.00444165
116600,116.6,0.00444229
116618,116.618,0.00444293
116636,116.636,0.00444357
116655,116.655,0.00444425
116673,116.673,0.00444488
116691,116.691,0.00444552
116709,116.709,0.00444616
116727,116.727,0.0044468
116745,116.745,0.00444744
116764,116.764,0.00444811
116782,116.782,0.00444875
116800,116.8,0.00444939
116818,116.818,0.00445002
116836,116.836,0.00445066
116855,116.855,0.00445133
116873,116.873,0.00445197
116891,116.891,0.0044526
116909,116.909,0.00445324
116927,116.927,0.00445388
116945,116.945,0.00445451
116964,116.964,0.00445518
116982,116.982,0.00445582
117000,117,0.00445645
117018,117.018,0.00445709
117036,117.036,0.00445772
117055,117.055,0.00445839
117073,117.073,0.00445902
117091,117.091,0.00445966
117109,117.109,0.00446029
117127,117.127,0.00446092
117145,117.145,0.00446156
117164,117.164,0.00446223
117182,117.182,0.00446286
117200,117.2,0.00446349
117218,117.218,0.00446412
117236,117.236,0.00446476
117255,117.255,0.00446542
117273,117.273,0.00446605
117291,117.291,0.00446668
117309,117.309,0.00446732
117327,117.327,0.00446795
117345,117.345,0.00446858
117364,117.364,0.00446924
117382,117.382,0.00446987
117400,117.4,0.0044705
117418,117.418,0.00447113
117436,117.436,0.00447176
117455,117.455,0.00447243
117473,117.473,0.00447305
117491,117.491,0.00447368
117509,117.509,0.00447431
117527,117.527,0.00447494
117545,117.545,0.00447557
117564,117.564,0.00447623
117582,117.582,0.00447686
117600,117.6,0.00447749
117618,117.618,0.00447811
117636,117.636,0.00447874
117655,117.655,0.0044794
117673,117.673,0.00448003
117691,117.691,0.00448065
117709,117.709,0.00448128
117727,117.727,0.00448191
117745,117.745,0.00448253
117764,117.764,0.00448319
117782,117.782,0.00448382
117800,117.8,0.00448444
117818,117.818,0.00448507
117836,117.836,0.00448569
117855,117.855,0.00448635
117873,117.873,0.00448697
117891,117.891,0.0044876
117909,117.909,0.00448822
117927,117.927,0.00448884
117945,117.945,0.00448947
117964,117.964,0.00449012
117982,117.982,0.00449075
118000,118,0.00449137
118018,118.018,0.00449199
118036,118.036,0.00449261
118055,118.055,0.00449327
118073,118.073,0.00449389
118091,118.091,0.00449451
118109,118.109,0.00449513
118127,118.127,0.00449575
118145,118.145,0.00449637
118164,118.164,0.00449703
118182,118.182,0.00449765
118200,118.2,0.00449827
118218,118.218,0.00449889
118236,118.236,0.00449951
118255,118.255,0.00450016
118273,118.273,0.00450078
118291,118.291,0.0045014
118309,118.309,0.00450202
118327,118.327,0.00450264
118345,118.345,0.00450325
118364,118.364,0.00450391
118382,118.382,0.00450452
118400,118.4,0.00450514
118418,118.418,0.00450576
118436,118.436,0.00450637
118455,118.455,0.00450702
118473,118.473,0.00450764
118491,118.491,0.00450826
118509,118.509,0.00450887
118527,118.527,0.00450949
118545,118.545,0.0045101
118564,118.564,0.00451075
118582,118.582,0.00451137
118600,118.6,0.00451198
118618,118.618,0.0045126
118636,118.636,0.00451321
118655,118.655,0.00451386
118673,118.673,0.00451447
118691,118.691,0.00451509
118709,118.709,0.0045157
118727,118.727,0.00451631
118745,118.745,0.00451693
118764,118.764,0.00451757
118782,118.782,0.00451819
118800,118.8,0.0045188
118818,118.818,0.00451941
118836,118.836,0.00452002
118855,118.855,0.00452067
118873,118.873,0.00452128
118891,118.891,0.00452189
118909,118.909,0.0045225
118927,118.927,0.00452311
118945,118.945,0.00452372
118964,118.964,0.00452436
118982,118.982,0.00452497
119000,119,0.00452558
119018,119.018,0.00452619
119036,119.036,0.0045268
119055,119.055,0.00452744
119073,119.073,0.00452805
119091,119.091,0.00452866
119109,119.109,0.00452927
119127,119.127,0.00452988
119145,119.145,0.00453049
119164,119.164,0.00453113
119182,119.182,0.00453173
119200,119.2,0.00453234
119218,119.218,0.00453295
119236,119.236,0.00453355
119255,119.255,0.00453419
119273,119.273,0.0045348
119291,119.291,0.00453541
119309,119.309,0.00453601
119327,119.327,0.00453662
119345,119.345,0.00453722
119364,119.364,0.00453786
119382,119.382,0.00453846
119400,119.4,0.00453907
119418,119.418,0.00453967
119436,119.436,0.00454028
119455,119.455,0.00454091
119473,119.473,0.00454152
119491,119.491,0.00454212
119509,119.509,0.00454272
119527,119.527,0.00454333
119545,119.545,0.00454393
119564,119.564,0.00454456
119582,119.582,0.00454517
119600,119.6,0.00454577
119618,119.618,0.00454637
119636,119.636,0.00454697
119655,119.655,0.00454761
119673,119.673,0.00454821
119691,119.691,0.00454881
119709,119.709,0.00454941
119727,119.727,0.00455001
119745,119.745,0.00455061
119764,119.764,0.00455124
119782,119.782,0.00455184
119800,119.8,0.00455244
119818,119.818,0.00455304
119836,119.836,0.00455364
119855,119.855,0.00455427
119873,119.873,0.00455487
119891,119.891,0.00455546
119909,119.909,0.00455606
119927,119.927,0.00455666
119945,119.945,0.00455726
119964,119.964,0.00455789
119982,119.982,0.00455848
120000,120,0.00455908
120018,120.018,0.00455968
120036,120.036,0.00456027
120055,120.055,0.0045609
120073,120.073,0.0045615
120091,120.091,0.00456209
120109,120.109,0.00456269
120127,120.127,0.00456328
120145,120.145,0.00456388
120164,120.164,0.0045645
120182,120.182,0.0045651
120200,120.2,0.00456569
120218,120.218,0.00456629
120236,120.236,0.00456688
120255,120.255,0.00456751
120273,120.273,0.0045681
120291,120.291,0.00456869
120309,120.309,0.00456928
120327,120.327,0.00456988
120345,120.345,0.00457047
120364,120.364,0.00457109
120382,120.382,0.00457168
120400,120.4,0.00457228
120418,120.418,0.00457287
120436,120.436,0.00457346
120455,120.455,0.00457408
120473,120.473,0.00457467
120491,120.491,0.00457526
120509,120.509,0.00457585
120527,120.527,0.00457644
120545,120.545,0.00457703
120564,120.564,0.00457765
120582,120.582,0.00457824
120600,120.6,0.00457883
120618,120.618,0.00457942
120636,120.636,0.00458001
120655,120.655,0.00458063
120673,120.673,0.00458121
120691,120.691,0.0045818
120709,120.709,0.00458239
120727,120.727,0.00458297
120745,120.745,0.00458356
120764,120.764,0.00458418
120782,120.782,0.00458477
120800,120.8,0.00458535
120818,120.818,0.00458594
120836,120.836,0.00458652
120855,120.855,0.00458714
120873,120.873,0.00458773
120891,120.891,0.00458831
120909,120.909,0.0045889
120927,120.927,0.00458948
120945,120.945,0.00459006
120964,120.964,0.00459068
120982,120.982,0.00459126
121000,121,0.00459185
121018,121.018,0.00459243
121036,121.036,0.00459301
121055,121.055,0.00459363
121073,121.073,0.00459421
121091,121.091,0.00459479
121109,121.109,0.00459537
121127,121.127,0.00459595
121145,121.145,0.00459654
121164,121.164,0.00459715
121182,121.182,0.00459773
121200,121.2,0.00459831
121218,121.218,0.00459889
121236,121.236,0.00459947
121255,121.255,0.00460008
121273,121.273,0.00460066
121291,121.291,0.00460124
121309,121.309,0.00460182
121327,121.327,0.0046024
121345,121.345,0.00460298
121364,121.364,0.00460359
121382,121.382,0.00460417
121400,121.4,0.00460474
121418,121.418,0.00460532
121436,121.436,0.0046059
121455,121.455,0.00460651
121473,121.473,0.00460709
121491,121.491,0.00460766
121509,121.509,0.00460824
121527,121.527,0.00460882
121545,121.545,0.00460939
121564,121.564,0.00461
121582,121.582,0.00461057
121600,121.6,0.00461115
121618,121.618,0.00461172
121636,121.636,0.0046123
121655,121.655,0.00461291
121673,121.673,0.00461348
121691,121.691,0.00461405
121709,121.709,0.00461463
121727,121.727,0.0046152
121745,121.745,0.00461577
121764,121.764,0.00461638
121782,121.782,0.00461695
121800,121.8,0.00461752
121818,121.818,0.0046181
121836,121.836,0.00461867
121855,121.855,0.00461927
121873,121.873,0.00461984
121891,121.891,0.00462041
121909,121.909,0.00462098
121927,121.927,0.00462156
121945,121.945,0.00462213
121964,121.964,0.00462273
121982,121.982,0.0046233
122000,122,0.00462387
122018,122.018,0.00462444
122036,122.036,0.00462501
122055,122.055,0.00462561
122073,122.073,0.00462618
122091,122.091,0.00462674
122109,122.109,0.00462731
122127,122.127,0.00462788
122145,122.145,0.00462845
122164,122.164,0.00462905
122182,122.182,0.00462961
122200,122.2,0.00463018
122218,122.218,0.00463075
122236,122.236,0.00463131
122255,122.255,0.00463191
122273,122.273,0.00463248
122291,122.291,0.00463304
122309,122.309,0.00463361
122327,122.327,0.00463417
122345,122.345,0.00463474
122364,122.364,0.00463534
122382,122.382,0.0046359
122400,122.4,0.00463646
122418,122.418,0.00463703
122436,122.436,0.00463759
122455,122.455,0.00463819
122473,122.473,0.00463875
122491,122.491,0.00463931
122509,122.509,0.00463988
122527,122.527,0.00464044
122545,122.545,0.004641
122564,122.564,0.00464159
122582,122.582,0.00464216
122600,122.6,0.00464272
122618,122.618,0.00464328
122636,122.636,0.00464384
122655,122.655,0.00464443
122673,122.673,0.00464499
122691,122.691,0.00464555
122709,122.709,0.00464611
122727,122.727,0.00464667
122745,122.745,0.00464723
122764,122.764,0.00464782
122782,122.782,0.00464838
122800,122.8,0.00464894
122818,122.818,0.0046495
122836,122.836,0.00465006
122855,122.855,0.00465064
122873,122.873,0.0046512
122891,122.891,0.00465176
122909,122.909,0.00465232
122927,122.927,0.00465287
122945,122.945,0.00465343
122964,122.964,0.00465402
122982,122.982,0.00465457
123000,123,0.00465513
123018,123.018,0.00465569
123036,123.036,0.00465624
123055,123.055,0.00465683
123073,123.073,0.00465738
123091,123.091,0.00465794
123109,123.109,0.00465849
123127,123.127,0.00465905
123145,123.145,0.0046596
123164,123.164,0.00466018
123182,123.182,0.00466074
123200,123.2,0.00466129
123218,123.218,0.00466184
123236,123.236,0.0046624
123255,123.255,0.00466298
123273,123.273,0.00466353
123291,123.291,0.00466408
123309,123.309,0.00466464
123327,123.327,0.00466519
123345,123.345,0.00466574
123364,123.364,0.00466632
123382,123.382,0.00466687
123400,123.4,0.00466742
123418,123.418,0.00466797
123436,123.436,0.00466852
123455,123.455,0.0046691
123473,123.473,0.00466965
123491,123.491,0.0046702
123509,123.509,0.00467075
123527,123.527,0.0046713
123545,123.545,0.00467184
123564,123.564,0.00467242
123582,123.582,0.00467297
123600,123.6,0.00467352
123618,123.618,0.00467407
123636,123.636,0.00467461
123655,123.655,0.00467519
123673,123.673,0.00467574
123691,123.691,0.00467628
123709,123.709,0.00467683
123727,123.727,0.00467738
123745,123.745,0.00467792
123764,123.764,0.0046785
123782,123.782,0.00467904
123800,123.8,0.00467959
123818,123.818,0.00468013
123836,123.836,0.00468067
123855,123.855,0.00468125
123873,123.873,0.00468179
123891,123.891,0.00468234
123909,123.909,0.00468288
123927,123.927,0.00468342
123945,123.945,0.00468397
123964,123.964,0.00468454
123982,123.982,0.00468508
124000,124,0.00468562
124018,124.018,0.00468616
124036,124.036,0.00468671
124055,124.055,0.00468728
124073,124.073,0.00468782
124091,124.091,0.00468836
124109,124.109,0.0046889
124127,124.127,0.00468944
124145,124.145,0.00468998
124164,124.164,0.00469055
124182,124.182,0.00469109
124200,124.2,0.00469163
124218,124.218,0.00469217
124236,124.236,0.0046927
124255,124.255,0.00469327
124273,124.273,0.00469381
124291,124.291,0.00469435
124309,124.309,0.00469489
124327,124.327,0.00469542
124345,124.345,0.00469596
124364,124.364,0.00469653
124382,124.382,0.00469706
124400,124.4,0.0046976
124418,124.418,0.00469814
124436,124.436,0.00469867
124455,124.455,0.00469924
124473,124.473,0.00469977
124491,124.491,0.00470031
124509,124.509,0.00470084
124527,124.527,0.00470138
124545,124.545,0.00470191
124564,124.564,0.00470248
124582,124.582,0.00470301
124600,124.6,0.00470354
124618,124.618,0.00470408
124636,124.636,0.00470461
124655,124.655,0.00470517
124673,124.673,0.0047057
124691,124.691,0.00470624
124709,124.709,0.00470677
124727,124.727,0.0047073
124745,124.745,0.00470783
124764,124.764,0.00470839
124782,124.782,0.00470892
124800,124.8,0.00470945
124818,124.818,0.00470998
124836,124.836,0.00471051
124855,124.855,0.00471107
124873,124.873,0.0047116
124891,124.891,0.00471213
124909,124.909,0.00471266
124927,124.927,0.00471319
124945,124.945,0.00471372
124964,124.964,0.00471428
124982,124.982,0.0047148
125000,125,0.00471533
125018,125.018,0.00471586
125036,125.036,0.00471639
125055,125.055,0.00471694
125073,125.073,0.00471747
125091,125.091,0.004718
125109,125.109,0.00471852
125127,125.127,0.00471905
125145,125.145,0.00471957
125164,125.164,0.00472013
125182,125.182,0.00472065
125200,125.2,0.00472118
125218,125.218,0.0047217
125236,125.236,0.00472223
125255,125.255,0.00472278
125273,125.273,0.0047233
125291,125.291,0.00472383
125309,125.309,0.00472435
125327,125.327,0.00472487
125345,125.345,0.0047254
125364,125.364,0.00472595
125382,125.382,0.00472647
125400,125.4,0.00472699
125418,125.418,0.00472752
125436,125.436,0.00472804
125455,125.455,0.00472859
125473,125.473,0.00472911
125491,125.491,0.00472963
125509,125.509,0.00473015
125527,125.527,0.00473067
125545,125.545,0.00473119
125564,125.564,0.00473174
125582,125.582,0.00473226
125600,125.6,0.00473278
125618,125.618,0.0047333
125636,125.636,0.00473381
125655,125.655,0.00473436
125673,125.673,0.00473488
125691,125.691,0.0047354
125709,125.709,0.00473591
125727,125.727,0.00473643
125745,125.745,0.00473695
125764,125.764,0.00473749
125782,125.782,0.00473801
125800,125.8,0.00473853
125818,125.818,0.00473904
125836,125.836,0.00473956
125855,125.855,0.0047401
125873,125.873,0.00474062
125891,125.891,0.00474113
125909,125.909,0.00474165
125927,125.927,0.00474216
125945,125.945,0.00474268
125964,125.964,0.00474322
125982,125.982,0.00474373
126000,126,0.00474425
126018,126.018,0.00474476
126036,126.036,0.00474527
126055,126.055,0.00474581
126073,126.073,0.00474633
126091,126.091,0.00474684
126109,126.109,0.00474735
126127,126.127,0.00474786
126145,126.145,0.00474837
126164,126.164,0.00474891
126182,126.182,0.00474942
126200,126.2,0.00474993
126218,126.218,0.00475044
126236,126.236,0.00475095
126255,126.255,0.00475149
126273,126.273,0.004752
126291,126.291,0.00475251
126309,126.309,0.00475302
126327,126.327,0.00475353
126345,126.345,0.00475404
126364,126.364,0.00475457
126382,126.382,0.00475508
126400,126.4,0.00475559
126418,126.418,0.00475609
126436,126.436,0.0047566
126455,126.455,0.00475714
126473,126.473,0.00475764
126491,126.491,0.00475815
126509,126.509,0.00475865
126527,126.527,0.00475916
126545,126.545,0.00475967
126564,126.564,0.0047602
126582,126.582,0.0047607
126600,126.6,0.00476121
126618,126.618,0.00476171
126636,126.636,0.00476222
126655,126.655,0.00476275
126673,126.673,0.00476325
126691,126.691,0.00476376
126709,126.709,0.00476426
126727,126.727,0.00476476
126745,126.745,0.00476526
126764,126.764,0.00476579
126782,126.782,0.0047663
126800,126.8,0.0047668
126818,126.818,0.0047673
126836,126.836,0.0047678
126855,126.855,0.00476833
126873,126.873,0.00476883
126891,126.891,0.00476933
126909,126.909,0.00476983
126927,126.927,0.00477033
126945,126.945,0.00477083
126964,126.964,0.00477136
126982,126.982,0.00477186
127000,127,0.00477235
127018,127.018,0.00477285
127036,127.036,0.00477335
127055,127.055,0.00477388
127073,127.073,0.00477437
127091,127.091,0.00477487
127109,127.109,0.00477537
127127,127.127,0.00477587
127145,127.145,0.00477636
127164,127.164,0.00477689
127182,127.182,0.00477738
127200,127.2,0.00477788
127218,127.218,0.00477837
127236,127.236,0.00477887
127255,127.255,0.00477939
127273,127.273,0.00477989
127291,127.291,0.00478038
127309,127.309,0.00478088
127327,127.327,0.00478137
127345,127.345,0.00478186
127364,127.364,0.00478238
127382,127.382,0.00478288
127400,127.4,0.00478337
127418,127.418,0.00478386
127436,127.436,0.00478435
127455,127.455,0.00478487
127473,127.473,0.00478537
127491,127.491,0.00478586
127509,127.509,0.00478635
127527,127.527,0.00478684
127545,127.545,0.00478733
127564,127.564,0.00478785
127582,127.582,0.00478834
127600,127.6,0.00478883
127618,127.618,0.00478932
127636,127.636,0.00478981
127655,127.655,0.00479032
127673,127.673,0.00479081
127691,127.691,0.0047913
127709,127.709,0.00479179
127727,127.727,0.00479228
127745,127.745,0.00479276
127764,127.764,0.00479328
127782,127.782,0.00479377
127800,127.8,0.00479425
127818,127.818,0.00479474
127836,127.836,0.00479523
127855,127.855,0.00479574
127873,127.873,0.00479623
127891,127.891,0.00479671
127909,127.909,0.0047972
127927,127.927,0.00479768
127945,127.945,0.00479817
127964,127.964,0.00479868
127982,127.982,0.00479916
128000,128,0.00479965
128018,128.018,0.00480013
128036,128.036,0.00480061
128055,128.055,0.00480112
128073,128.073,0.00480161
128091,128.091,0.00480209
128109,128.109,0.00480257
128127,128.127,0.00480305
128145,128.145,0.00480353
128164,128.164,0.00480404
128182,128.182,0.00480452
128200,128.2,0.00480501
128218,128.218,0.00480549
128236,128.236,0.00480597
128255,128.255,0.00480647
128273,128.273,0.00480695
128291,128.291,0.00480743
128309,128.309,0.00480791
128327,128.327,0.00480839
128345,128.345,0.00480887
128364,128.364,0.00480937
128382,128.382,0.00480985
128400,128.4,0.00481033
128418,128.418,0.00481081
128436,128.436,0.00481129
128455,128.455,0.00481179
128473,128.473,0.00481227
128491,128.491,0.00481274
128509,128.509,0.00481322
128527,128.527,0.0048137
128545,128.545,0.00481417
128564,128.564,0.00481467
128582,128.582,0.00481515
128600,128.6,0.00481562
128618,128.618,0.0048161
128636,128.636,0.00481657
128655,128.655,0.00481707
128673,128.673,0.00481755
128691,128.691,0.00481802
128709,128.709,0.00481849
128727,128.727,0.00481897
128745,128.745,0.00481944
128764,128.764,0.00481994
128782,128.782,0.00482041
128800,128.8,0.00482088
128818,128.818,0.00482136
128836,128.836,0.00482183
128855,128.855,0.00482232
128873,128.873,0.00482279
128891,128.891,0.00482327
128909,128.909,0.00482374
128927,128.927,0.00482421
128945,128.945,0.00482468
128964,128.964,0.00482517
128982,128.982,0.00482564
129000,129,0.00482611
129018,129.018,0.00482658
129036,129.036,0.00482705
129055,129.055,0.00482754
129073,129.073,0.00482801
129091,129.091,0.00482848
129109,129.109,0.00482894
129127,129.127,0.00482941
129145,129.145,0.00482988
129164,129.164,0.00483037
129182,129.182,0.00483084
129200,129.2,0.0048313
129218,129.218,0.00483177
129236,129.236,0.00483223
129255,129.255,0.00483272
129273,129.273,0.00483319
129291,129.291,0.00483365
129309,129.309,0.00483412
129327,129.327,0.00483458
129345,129.345,0.00483505
129364,129.364,0.00483553
129382,129.382,0.004836
129400,129.4,0.00483646
129418,129.418,0.00483692
129436,129.436,0.00483739
129455,129.455,0.00483787
129473,129.473,0.00483834
129491,129.491,0.0048388
129509,129.509,0.00483926
129527,129.527,0.00483972
129545,129.545,0.00484018
129564,129.564,0.00484067
129582,129.582,0.00484113
129600,129.6,0.00484159
129618,129.618,0.00484205
129636,129.636,0.00484251
129655,129.655,0.00484299
129673,129.673,0.00484345
129691,129.691,0.00484391
129709,129.709,0.00484437
129727,129.727,0.00484482
129745,129.745,0.00484528
129764,129.764,0.00484576
129782,129.782,0.00484622
129800,129.8,0.00484668
129818,129.818,0.00484713
129836,129.836,0.00484759
129855,129.855,0.00484807
129873,129.873,0.00484853
129891,129.891,0.00484898
129909,129.909,0.00484944
129927,129.927,0.00484989
129945,129.945,0.00485035
129964,129.964,0.00485083
129982,129.982,0.00485128
130000,130,0.00485174
130018,130.018,0.00485219
130036,130.036,0.00485264
130055,130.055,0.00485312
130073,130.073,0.00485357
130091,130.091,0.00485403
130109,130.109,0.00485448
130127,130.127,0.00485493
130145,130.145,0.00485538
130164,130.164,0.00485586
130182,130.182,0.00485631
130200,130.2,0.00485676
130218,130.218,0.00485721
130236,130.236,0.00485766
130255,130.255,0.00485814
130273,130.273,0.00485858
130291,130.291,0.00485903
130309,130.309,0.00485948
130327,130.327,0.00485993
130345,130.345,0.00486038
130364,130.364,0.00486085
130382,130.382,0.0048613
130400,130.4,0.00486175
130418,130.418,0.0048622
130436,130.436,0.00486264
130455,130.455,0.00486312
130473,130.473,0.00486356
130491,130.491,0.00486401
130509,130.509,0.00486445
130527,130.527,0.0048649
130545,130.545,0.00486535
130564,130.564,0.00486582
130582,130.582,0.00486626
130600,130.6,0.00486671
130618,130.618,0.00486715
130636,130.636,0.00486759
130655,130.655,0.00486806
130673,130.673,0.00486851
130691,130.691,0.00486895
130709,130.709,0.00486939
130727,130.727,0.00486983
130745,130.745,0.00487028
130764,130.764,0.00487074
130782,130.782,0.00487119
130800,130.8,0.00487163
130818,130.818,0.00487207
130836,130.836,0.00487251
130855,130.855,0.00487297
130873,130.873,0.00487342
130891,130.891,0.00487386
130909,130.909,0.0048743
130927,130.927,0.00487473
130945,130.945,0.00487517
130964,130.964,0.00487564
130982,130.982,0.00487608
131000,131,0.00487651
131018,131.018,0.00487695
131036,131.036,0.00487739
131055,131.055,0.00487785
131073,131.073,0.00487829
131091,131.091,0.00487873
131109,131.109,0.00487916
131127,131.127,0.0048796
131145,131.145,0.00488004
131164,131.164,0.0048805
131182,131.182,0.00488093
131200,131.2,0.00488137
131218,131.218,0.0048818
131236,131.236,0.00488224
131255,131.255,0.0048827
131273,131.273,0.00488313
131291,131.291,0.00488357
131309,131.309,0.004884
131327,131.327,0.00488443
131345,131.345,0.00488487
131364,131.364,0.00488532
131382,131.382,0.00488575
131400,131.4,0.00488619
131418,131.418,0.00488662
131436,131.436,0.00488705
131455,131.455,0.00488751
131473,131.473,0.00488794
131491,131.491,0.00488837
131509,131.509,0.0048888
131527,131.527,0.00488923
131545,131.545,0.00488966
131564,131.564,0.00489011
131582,131.582,0.00489054
131600,131.6,0.00489097
131618,131.618,0.0048914
131636,131.636,0.00489183
131655,131.655,0.00489228
131673,131.673,0.00489271
131691,131.691,0.00489314
131709,131.709,0.00489356
131727,131.727,0.00489399
131745,131.745,0.00489442
131764,131.764,0.00489487
131782,131.782,0.0048953
131800,131.8,0.00489572
131818,131.818,0.00489615
131836,131.836,0.00489657
131855,131.855,0.00489702
131873,131.873,0.00489745
131891,131.891,0.00489787
131909,131.909,0.0048983
131927,131.927,0.00489872
131945,131.945,0.00489914
131964,131.964,0.00489959
131982,131.982,0.00490001
132000,132,0.00490044
132018,132.018,0.00490086
132036,132.036,0.00490128
132055,132.055,0.00490173
132073,132.073,0.00490215
132091,132.091,0.00490257
132109,132.109,0.00490299
132127,132.127,0.00490341
132145,132.145,0.00490383
132164,132.164,0.00490428
132182,132.182,0.0049047
132200,132.2,0.00490512
132218,132.218,0.00490554
132236,132.236,0.00490596
132255,132.255,0.0049064
132273,132.273,0.00490682
132291,132.291,0.00490724
132309,132.309,0.00490765
132327,132.327,0.00490807
132345,132.345,0.00490849
132364,132.364,0.00490893
132382,132.382,0.00490935
132400,132.4,0.00490976
132418,132.418,0.00491018
132436,132.436,0.0049106
132455,132.455,0.00491104
132473,132.473,0.00491145
132491,132.491,0.00491187
132509,132.509,0.00491228
132527,132.527,0.0049127
132545,132.545,0.00491311
132564,132.564,0.00491355
132582,132.582,0.00491396
132600,132.6,0.00491438
132618,132.618,0.00491479
132636,132.636,0.0049152
132655,132.655,0.00491564
132673,132.673,0.00491605
132691,132.691,0.00491646
132709,132.709,0.00491687
132727,132.727,0.00491729
132745,132.745,0.0049177
132764,132.764,0.00491813
132782,132.782,0.00491854
132800,132.8,0.00491895
132818,132.818,0.00491936
132836,132.836,0.00491977
132855,132.855,0.0049202
132873,132.873,0.00492061
132891,132.891,0.00492102
132909,132.909,0.00492143
132927,132.927,0.00492184
132945,132.945,0.00492225
132964,132.964,0.00492268
132982,132.982,0.00492309
133000,133,0.00492349
133018,133.018,0.0049239
133036,133.036,0.00492431
133055,133.055,0.00492474
133073,133.073,0.00492514
133091,133.091,0.00492555
133109,133.109,0.00492595
133127,133.127,0.00492636
133145,133.145,0.00492677
133164,133.164,0.00492719
133182,133.182,0.0049276
133200,133.2,0.004928
133218,133.218,0.0049284
133236,133.236,0.00492881
133255,133.255,0.00492923
133273,133.273,0.00492964
133291,133.291,0.00493004
133309,133.309,0.00493044
133327,133.327,0.00493084
133345,133.345,0.00493125
133364,133.364,0.00493167
133382,133.382,0.00493207
133400,133.4,0.00493247
133418,133.418,0.00493287
133436,133.436,0.00493327
133455,133.455,0.0049337
133473,133.473,0.0049341
133491,133.491,0.0049345
133509,133.509,0.0049349
133527,133.527,0.00493529
133545,133.545,0.00493569
133564,133.564,0.00493611
133582,133.582,0.00493651
133600,133.6,0.00493691
133618,133.618,0.00493731
133636,133.636,0.0049377
133655,133.655,0.00493812
133673,133.673,0.00493852
133691,133.691,0.00493892
133709,133.709,0.00493931
133727,133.727,0.00493971
133745,133.745,0.0049401
133764,133.764,0.00494052
133782,133.782,0.00494092
133800,133.8,0.00494131
133818,133.818,0.00494171
133836,133.836,0.0049421
133855,133.855,0.00494252
133873,133.873,0.00494291
133891,133.891,0.0049433
133909,133.909,0.00494369
133927,133.927,0.00494409
133945,133.945,0.00494448
133964,133.964,0.00494489
133982,133.982,0.00494529
134000,134,0.00494568
134018,134.018,0.00494607
134036,134.036,0.00494646
134055,134.055,0.00494687
134073,134.073,0.00494726
134091,134.091,0.00494765
134109,134.109,0.00494804
134127,134.127,0.00494843
134145,134.145,0.00494882
134164,134.164,0.00494923
134182,134.182,0.00494962
134200,134.2,0.00495001
134218,134.218,0.0049504
134236,134.236,0.00495078
134255,134.255,0.00495119
134273,134.273,0.00495158
134291,134.291,0.00495197
134309,134.309,0.00495235
134327,134.327,0.00495274
134345,134.345,0.00495313
134364,134.364,0.00495353
134382,134.382,0.00495392
134400,134.4,0.0049543
134418,134.418,0.00495469
134436,134.436,0.00495507
134455,134.455,0.00495548
134473,134.473,0.00495586
134491,134.491,0.00495625
134509,134.509,0.00495663
134527,134.527,0.00495701
134545,134.545,0.0049574
134564,134.564,0.0049578
134582,134.582,0.00495818
134600,134.6,0.00495856
134618,134.618,0.00495895
134636,134.636,0.00495933
134655,134.655,0.00495973
134673,134.673,0.00496011
134691,134.691,0.00496049
134709,134.709,0.00496087
134727,134.727,0.00496125
134745,134.745,0.00496163
134764,134.764,0.00496203
134782,134.782,0.00496241
134800,134.8,0.00496279
134818,134.818,0.00496317
134836,134.836,0.00496355
134855,134.855,0.00496394
134873,134.873,0.00496432
134891,134.891,0.0049647
134909,134.909,0.00496508
134927,134.927,0.00496545
134945,134.945,0.00496583
134964,134.964,0.00496623
134982,134.982,0.0049666
135000,135,0.00496698
135018,135.018,0.00496735
135036,135.036,0.00496773
135055,135.055,0.00496812
135073,135.073,0.0049685
135091,135.091,0.00496887
135109,135.109,0.00496925
135127,135.127,0.00496962
135145,135.145,0.00496999
135164,135.164,0.00497039
135182,135.182,0.00497076
135200,135.2,0.00497113
135218,135.218,0.0049715
135236,135.236,0.00497188
135255,135.255,0.00497227
135273,135.273,0.00497264
135291,135.291,0.00497301
135309,135.309,0.00497338
135327,135.327,0.00497375
135345,135.345,0.00497412
135364,135.364,0.00497451
135382,135.382,0.00497488
135400,135.4,0.00497525
135418,135.418,0.00497562
135436,135.436,0.00497599
135455,135.455,0.00497638
135473,135.473,0.00497674
135491,135.491,0.00497711
135509,135.509,0.00497748
135527,135.527,0.00497785
135545,135.545,0.00497821
135564,135.564,0.0049786
135582,135.582,0.00497897
135600,135.6,0.00497933
135618,135.618,0.0049797
135636,135.636,0.00498006
135655,135.655,0.00498045
135673,135.673,0.00498081
135691,135.691,0.00498118
135709,135.709,0.00498154
135727,135.727,0.00498191
135745,135.745,0.00498227
135764,135.764,0.00498265
135782,135.782,0.00498302
135800,135.8,0.00498338
135818,135.818,0.00498374
135836,135.836,0.0049841
135855,135.855,0.00498449
135873,135.873,0.00498485
135891,135.891,0.00498521
135909,135.909,0.00498557
135927,135.927,0.00498593
135945,135.945,0.00498629
135964,135.964,0.00498667
135982,135.982,0.00498703
136000,136,0.00498739
136018,136.018,0.00498775
136036,136.036,0.00498811
136055,136.055,0.00498849
136073,136.073,0.00498884
136091,136.091,0.0049892
136109,136.109,0.00498956
136127,136.127,0.00498992
136145,136.145,0.00499027
136164,136.164,0.00499065
136182,136.182,0.00499101
136200,136.2,0.00499136
136218,136.218,0.00499172
136236,136.236,0.00499208
136255,136.255,0.00499245
136273,136.273,0.00499281
136291,136.291,0.00499316
136309,136.309,0.00499352
136327,136.327,0.00499387
136345,136.345,0.00499422
136364,136.364,0.0049946
136382,136.382,0.00499495
136400,136.4,0.0049953
136418,136.418,0.00499566
136436,136.436,0.00499601
136455,136.455,0.00499638
136473,136.473,0.00499673
136491,136.491,0.00499708
136509,136.509,0.00499743
136527,136.527,0.00499779
136545,136.545,0.00499814
136564,136.564,0.00499851
136582,136.582,0.00499886
136600,136.6,0.00499921
136618,136.618,0.00499956
136636,136.636,0.0049999
136655,136.655,0.00500027
136673,136.673,0.00500062
136691,136.691,0.00500097
136709,136.709,0.00500132
136727,136.727,0.00500167
136745,136.745,0.00500201
136764,136.764,0.00500238
136782,136.782,0.00500273
136800,136.8,0.00500307
136818,136.818,0.00500342
136836,136.836,0.00500376
136855,136.855,0.00500413
136873,136.873,0.00500447
136891,136.891,0.00500482
136909,136.909,0.00500516
136927,136.927,0.00500551
136945,136.945,0.00500585
136964,136.964,0.00500622
136982,136.982,0.00500656
137000,137,0.0050069
137018,137.018,0.00500725
137036,137.036,0.00500759
137055,137.055,0.00500795
137073,137.073,0.00500829
137091,137.091,0.00500863
137109,137.109,0.00500898
137127,137.127,0.00500932
137145,137.145,0.00500966
137164,137.164,0.00501002
137182,137.182,0.00501036
137200,137.2,0.0050107
137218,137.218,0.00501104
137236,137.236,0.00501138
137255,137.255,0.00501174
137273,137.273,0.00501207
137291,137.291,0.00501241
137309,137.309,0.00501275
137327,137.327,0.00501309
137345,137.345,0.00501343
137364,137.364,0.00501378
137382,137.382,0.00501412
137400,137.4,0.00501446
137418,137.418,0.00501479
137436,137.436,0.00501513
137455,137.455,0.00501548
137473,137.473,0.00501582
137491,137.491,0.00501615
137509,137.509,0.00501649
137527,137.527,0.00501682
137545,137.545,0.00501716
137564,137.564,0.00501751
137582,137.582,0.00501784
137600,137.6,0.00501818
137618,137.618,0.00501851
137636,137.636,0.00501884
137655,137.655,0.0050192
137673,137.673,0.00501953
137691,137.691,0.00501986
137709,137.709,0.00502019
137727,137.727,0.00502052
137745,137.745,0.00502085
137764,137.764,0.0050212
137782,137.782,0.00502153
137800,137.8,0.00502186
137818,137.818,0.00502219
137836,137.836,0.00502252
137855,137.855,0.00502287
137873,137.873,0.0050232
137891,137.891,0.00502353
137909,137.909,0.00502386
137927,137.927,0.00502419
137945,137.945,0.00502451
137964,137.964,0.00502486
137982,137.982,0.00502519
138000,138,0.00502551
138018,138.018,0.00502584
138036,138.036,0.00502617
138055,138.055,0.00502651
138073,138.073,0.00502684
138091,138.091,0.00502716
138109,138.109,0.00502749
138127,138.127,0.00502781
138145,138.145,0.00502814
138164,138.164,0.00502848
138182,138.182,0.0050288
138200,138.2,0.00502913
138218,138.218,0.00502945
138236,138.236,0.00502977
138255,138.255,0.00503011
138273,138.273,0.00503044
138291,138.291,0.00503076
138309,138.309,0.00503108
138327,138.327,0.0050314
138345,138.345,0.00503172
138364,138.364,0.00503206
138382,138.382,0.00503238
138400,138.4,0.0050327
138418,138.418,0.00503302
138436,138.436,0.00503334
138455,138.455,0.00503368
138473,138.473,0.005034
138491,138.491,0.00503432
138509,138.509,0.00503464
138527,138.527,0.00503495
138545,138.545,0.00503527
138564,138.564,0.00503561
138582,138.582,0.00503592
138600,138.6,0.00503624
138618,138.618,0.00503656
138636,138.636,0.00503688
138655,138.655,0.00503721
138673,138.673,0.00503753
138691,138.691,0.00503784
138709,138.709,0.00503816
138727,138.727,0.00503847
138745,138.745,0.00503879
138764,138.764,0.00503912
138782,138.782,0.00503943
138800,138.8,0.00503975
138818,138.818,0.00504006
138836,138.836,0.00504037
138855,138.855,0.0050407
138873,138.873,0.00504101
138891,138.891,0.00504133
138909,138.909,0.00504164
138927,138.927,0.00504195
138945,138.945,0.00504226
138964,138.964,0.00504259
138982,138.982,0.0050429
139000,139,0.00504321
139018,139.018,0.00504352
139036,139.036,0.00504383
139055,139.055,0.00504416
139073,139.073,0.00504447
139091,139.091,0.00504478
139109,139.109,0.00504509
139127,139.127,0.00504539
139145,139.145,0.0050457
139164,139.164,0.00504603
139182,139.182,0.00504633
139200,139.2,0.00504664
139218,139.218,0.00504695
139236,139.236,0.00504726
139255,139.255,0.00504758
139273,139.273,0.00504788
139291,139.291,0.00504819
139309,139.309,0.0050485
139327,139.327,0.0050488
139345,139.345,0.00504911
139364,139.364,0.00504943
139382,139.382,0.00504973
139400,139.4,0.00505003
139418,139.418,0.00505034
139436,139.436,0.00505064
139455,139.455,0.00505096
139473,139.473,0.00505126
139491,139.491,0.00505157
139509,139.509,0.00505187
139527,139.527,0.00505217
139545,139.545,0.00505247
139564,139.564,0.00505279
139582,139.582,0.00505309
139600,139.6,0.00505339
139618,139.618,0.00505369
139636,139.636,0.00505399
139655,139.655,0.00505431
139673,139.673,0.00505461
139691,139.691,0.00505491
139709,139.709,0.0050552
139727,139.727,0.0050555
139745,139.745,0.0050558
139764,139.764,0.00505612
139782,139.782,0.00505641
139800,139.8,0.00505671
139818,139.818,0.00505701
139836,139.836,0.0050573
139855,139.855,0.00505762
139873,139.873,0.00505791
139891,139.891,0.00505821
139909,139.909,0.0050585
139927,139.927,0.0050588
139945,139.945,0.00505909
139964,139.964,0.00505941
139982,139.982,0.0050597
140000,140,0.00505999
140018,140.018,0.00506029
140036,140.036,0.00506058
140055,140.055,0.00506089
140073,140.073,0.00506118
140091,140.091,0.00506148
140109,140.109,0.00506177
140127,140.127,0.00506206
140145,140.145,0.00506235
140164,140.164,0.00506266
140182,140.182,0.00506295
140200,140.2,0.00506324
140218,140.218,0.00506353
140236,140.236,0.00506382
140255,140.255,0.00506413
140273,140.273,0.00506441
140291,140.291,0.0050647
140309,140.309,0.00506499
140327,140.327,0.00506528
140345,140.345,0.00506557
140364,140.364,0.00506587
140382,140.382,0.00506616
140400,140.4,0.00506645
140418,140.418,0.00506674
140436,140.436,0.00506702
140455,140.455,0.00506732
140473,140.473,0.00506761
140491,140.491,0.0050679
140509,140.509,0.00506818
140527,140.527,0.00506847
140545,140.545,0.00506875
140564,140.564,0.00506905
140582,140.582,0.00506934
140600,140.6,0.00506962
140618,140.618,0.0050699
140636,140.636,0.00507019
140655,140.655,0.00507049
140673,140.673,0.00507077
140691,140.691,0.00507105
140709,140.709,0.00507133
140727,140.727,0.00507161
140745,140.745,0.0050719
140764,140.764,0.00507219
140782,140.782,0.00507247
140800,140.8,0.00507275
140818,140.818,0.00507303
140836,140.836,0.00507331
140855,140.855,0.00507361
140873,140.873,0.00507389
140891,140.891,0.00507417
140909,140.909,0.00507445
140927,140.927,0.00507473
140945,140.945,0.005075
140964,140.964,0.0050753
140982,140.982,0.00507557
141000,141,0.00507585
141018,141.018,0.00507613
141036,141.036,0.00507641
141055,141.055,0.0050767
141073,141.073,0.00507697
141091,141.091,0.00507725
141109,141.109,0.00507752
141127,141.127,0.0050778
141145,141.145,0.00507807
141164,141.164,0.00507836
141182,141.182,0.00507864
141200,141.2,0.00507891
141218,141.218,0.00507919
141236,141.236,0.00507946
141255,141.255,0.00507975
141273,141.273,0.00508002
141291,141.291,0.00508029
141309,141.309,0.00508057
141327,141.327,0.00508084
141345,141.345,0.00508111
141364,141.364,0.00508139
141382,141.382,0.00508167
141400,141.4,0.00508194
141418,141.418,0.00508221
141436,141.436,0.00508248
141455,141.455,0.00508276
141473,141.473,0.00508303
141491,141.491,0.0050833
141509,141.509,0.00508357
141527,141.527,0.00508384
141545,141.545,0.0050841
141564,141.564,0.00508439
141582,141.582,0.00508465
141600,141.6,0.00508492
141618,141.618,0.00508519
141636,141.636,0.00508546
141655,141.655,0.00508574
141673,141.673,0.005086
141691,141.691,0.00508627
141709,141.709,0.00508653
141727,141.727,0.0050868
141745,141.745,0.00508706
141764,141.764,0.00508734
141782,141.782,0.00508761
141800,141.8,0.00508787
141818,141.818,0.00508813
141836,141.836,0.0050884
141855,141.855,0.00508868
141873,141.873,0.00508894
141891,141.891,0.0050892
141909,141.909,0.00508946
141927,141.927,0.00508972
141945,141.945,0.00508999
141964,141.964,0.00509026
141982,141.982,0.00509052
142000,142,0.00509078
142018,142.018,0.00509104
142036,142.036,0.0050913
142055,142.055,0.00509158
142073,142.073,0.00509184
142091,142.091,0.00509209
142109,142.109,0.00509235
142127,142.127,0.00509261
142145,142.145,0.00509287
142164,142.164,0.00509314
142182,142.182,0.0050934
142200,142.2,0.00509366
142218,142.218,0.00509391
142236,142.236,0.00509417
142255,142.255,0.00509444
142273,142.273,0.0050947
142291,142.291,0.00509495
142309,142.309,0.00509521
142327,142.327,0.00509546
142345,142.345,0.00509572
142364,142.364,0.00509599
142382,142.382,0.00509624
142400,142.4,0.00509649
142418,142.418,0.00509675
142436,142.436,0.005097
142455,142.455,0.00509727
142473,142.473,0.00509752
142491,142.491,0.00509777
142509,142.509,0.00509802
142527,142.527,0.00509827
142545,142.545,0.00509853
142564,142.564,0.00509879
142582,142.582,0.00509904
142600,142.6,0.00509929
142618,142.618,0.00509954
142636,142.636,0.00509979
142655,142.655,0.00510006
142673,142.673,0.0051003
142691,142.691,0.00510055
142709,142.709,0.0051008
142727,142.727,0.00510105
142745,142.745,0.0051013
142764,142.764,0.00510156
142782,142.782,0.00510181
142800,142.8,0.00510205
142818,142.818,0.0051023
142836,142.836,0.00510255
142855,142.855,0.00510281
142873,142.873,0.00510305
142891,142.891,0.0051033
142909,142.909,0.00510354
142927,142.927,0.00510379
142945,142.945,0.00510403
142964,142.964,0.00510429
142982,142.982,0.00510453
143000,143,0.00510478
143018,143.018,0.00510502
143036,143.036,0.00510526
143055,143.055,0.00510552
143073,143.073,0.00510576
143091,143.091,0.00510601
143109,143.109,0.00510625
143127,143.127,0.00510649
143145,143.145,0.00510673
143164,143.164,0.00510698
143182,143.182,0.00510723
143200,143.2,0.00510746
143218,143.218,0.00510771
143236,143.236,0.00510794
143255,143.255,0.0051082
143273,143.273,0.00510844
143291,143.291,0.00510868
143309,143.309,0.00510891
143327,143.327,0.00510915
143345,143.345,0.00510939
143364,143.364,0.00510964
143382,143.382,0.00510988
143400,143.4,0.00511011
143418,143.418,0.00511035
143436,143.436,0.00511059
143455,143.455,0.00511084
143473,143.473,0.00511107
143491,143.491,0.00511131
143509,143.509,0.00511154
143527,143.527,0.00511178
143545,143.545,0.00511201
143564,143.564,0.00511226
143582,143.582,0.00511249
143600,143.6,0.00511273
143618,143.618,0.00511296
143636,143.636,0.00511319
143655,143.655,0.00511344
143673,143.673,0.00511367
143691,143.691,0.0051139
143709,143.709,0.00511413
143727,143.727,0.00511436
143745,143.745,0.0051146
143764,143.764,0.00511484
143782,143.782,0.00511507
143800,143.8,0.0051153
143818,143.818,0.00511553
143836,143.836,0.00511576
143855,143.855,0.005116
143873,143.873,0.00511623
143891,143.891,0.00511646
143909,143.909,0.00511669
143927,143.927,0.00511691
143945,143.945,0.00511714
143964,143.964,0.00511738
143982,143.982,0.00511761
144000,144,0.00511784
144018,144.018,0.00511806
144036,144.036,0.00511829
144055,144.055,0.00511853
144073,144.073,0.00511875
144091,144.091,0.00511898
144109,144.109,0.0051192
144127,144.127,0.00511943
144145,144.145,0.00511965
144164,144.164,0.00511989
144182,144.182,0.00512011
144200,144.2,0.00512033
144218,144.218,0.00512056
144236,144.236,0.00512078
144255,144.255,0.00512101
144273,144.273,0.00512124
144291,144.291,0.00512146
144309,144.309,0.00512168
144327,144.327,0.0051219
144345,144.345,0.00512212
144364,144.364,0.00512235
144382,144.382,0.00512257
144400,144.4,0.00512279
144418,144.418,0.00512301
144436,144.436,0.00512323
144455,144.455,0.00512346
144473,144.473,0.00512368
144491,144.491,0.0051239
144509,144.509,0.00512412
144527,144.527,0.00512434
144545,144.545,0.00512456
144564,144.564,0.00512478
144582,144.582,0.005125
144600,144.6,0.00512522
144618,144.618,0.00512543
144636,144.636,0.00512565
144655,144.655,0.00512588
144673,144.673,0.00512609
144691,144.691,0.00512631
144709,144.709,0.00512652
144727,144.727,0.00512674
144745,144.745,0.00512695
144764,144.764,0.00512718
144782,144.782,0.00512739
144800,144.8,0.0051276
144818,144.818,0.00512782
144836,144.836,0.00512803
144855,144.855,0.00512825
144873,144.873,0.00512846
144891,144.891,0.00512868
144909,144.909,0.00512889
144927,144.927,0.0051291
144945,144.945,0.00512931
144964,144.964,0.00512953
144982,144.982,0.00512974
145000,145,0.00512995
145018,145.018,0.00513016
145036,145.036,0.00513037
145055,145.055,0.00513059
145073,145.073,0.0051308
145091,145.091,0.00513101
145109,145.109,0.00513121
145127,145.127,0.00513142
145145,145.145,0.00513163
145164,145.164,0.00513185
145182,145.182,0.00513205
145200,145.2,0.00513226
145218,145.218,0.00513246
145236,145.236,0.00513267
145255,145.255,0.00513289
145273,145.273,0.00513309
145291,145.291,0.0051333
145309,145.309,0.0051335
145327,145.327,0.00513371
145345,145.345,0.00513391
145364,145.364,0.00513412
145382,145.382,0.00513433
145400,145.4,0.00513453
145418,145.418,0.00513473
145436,145.436,0.00513493
145455,145.455,0.00513515
145473,145.473,0.00513535
145491,145.491,0.00513555
145509,145.509,0.00513575
145527,145.527,0.00513595
145545,145.545,0.00513615
145564,145.564,0.00513636
145582,145.582,0.00513656
145600,145.6,0.00513676
145618,145.618,0.00513696
145636,145.636,0.00513716
145655,145.655,0.00513737
145673,145.673,0.00513757
145691,145.691,0.00513777
145709,145.709,0.00513796
145727,145.727,0.00513816
145745,145.745,0.00513836
145764,145.764,0.00513857
145782,145.782,0.00513876
145800,145.8,0.00513896
145818,145.818,0.00513915
145836,145.836,0.00513935
145855,145.855,0.00513956
145873,145.873,0.00513975
145891,145.891,0.00513995
145909,145.909,0.00514014
145927,145.927,0.00514033
145945,145.945,0.00514053
145964,145.964,0.00514073
145982,145.982,0.00514092
146000,146,0.00514112
146018,146.018,0.00514131
146036,146.036,0.0051415
146055,146.055,0.0051417
146073,146.073,0.00514189
146091,146.091,0.00514209
146109,146.109,0.00514228
146127,146.127,0.00514247
146145,146.145,0.00514266
146164,146.164,0.00514286
146182,146.182,0.00514305
146200,146.2,0.00514324
146218,146.218,0.00514342
146236,146.236,0.00514361
146255,146.255,0.00514381
146273,146.273,0.005144
146291,146.291,0.00514419
146309,146.309,0.00514437
146327,146.327,0.00514456
146345,146.345,0.00514475
146364,146.364,0.00514494
146382,146.382,0.00514513
146400,146.4,0.00514532
146418,146.418,0.0051455
146436,146.436,0.00514569
146455,146.455,0.00514588
146473,146.473,0.00514607
146491,146.491,0.00514625
146509,146.509,0.00514644
146527,146.527,0.00514662
146545,146.545,0.0051468
146564,146.564,0.00514699
146582,146.582,0.00514718
146600,146.6,0.00514736
146618,146.618,0.00514754
146636,146.636,0.00514772
146655,146.655,0.00514791
146673,146.673,0.0051481
146691,146.691,0.00514828
146709,146.709,0.00514846
146727,146.727,0.00514864
146745,146.745,0.00514882
146764,146.764,0.00514901
146782,146.782,0.00514919
146800,146.8,0.00514936
146818,146.818,0.00514954
146836,146.836,0.00514972
146855,146.855,0.00514991
146873,146.873,0.00515009
146891,146.891,0.00515026
146909,146.909,0.00515044
146927,146.927,0.00515062
146945,146.945,0.00515079
146964,146.964,0.00515098
146982,146.982,0.00515116
147000,147,0.00515133
147018,147.018,0.00515151
147036,147.036,0.00515168
147055,147.055,0.00515187
147073,147.073,0.00515204
147091,147.091,0.00515221
147109,147.109,0.00515239
147127,147.127,0.00515256
147145,147.145,0.00515273
147164,147.164,0.00515292
147182,147.182,0.00515309
147200,147.2,0.00515326
147218,147.218,0.00515343
147236,147.236,0.0051536
147255,147.255,0.00515378
147273,147.273,0.00515395
147291,147.291,0.00515412
147309,147.309,0.0051543
147327,147.327,0.00515446
147345,147.345,0.00515463
147364,147.364,0.00515481
147382,147.382,0.00515498
147400,147.4,0.00515515
147418,147.418,0.00515532
147436,147.436,0.00515549
147455,147.455,0.00515566
147473,147.473,0.00515583
147491,147.491,0.005156
147509,147.509,0.00515616
147527,147.527,0.00515633
147545,147.545,0.0051565
147564,147.564,0.00515667
147582,147.582,0.00515684
147600,147.6,0.005157
147618,147.618,0.00515717
147636,147.636,0.00515733
147655,147.655,0.0051575
147673,147.673,0.00515767
147691,147.691,0.00515783
147709,147.709,0.005158
147727,147.727,0.00515816
147745,147.745,0.00515832
147764,147.764,0.00515849
147782,147.782,0.00515865
147800,147.8,0.00515882
147818,147.818,0.00515898
147836,147.836,0.00515914
147855,147.855,0.00515931
147873,147.873,0.00515947
147891,147.891,0.00515963
147909,147.909,0.00515979
147927,147.927,0.00515995
147945,147.945,0.00516011
147964,147.964,0.00516027
147982,147.982,0.00516043
148000,148,0.00516059
148018,148.018,0.00516075
148036,148.036,0.00516091
148055,148.055,0.00516107
148073,148.073,0.00516123
148091,148.091,0.00516139
148109,148.109,0.00516154
148127,148.127,0.0051617
148145,148.145,0.00516186
148164,148.164,0.00516202
148182,148.182,0.00516217
148200,148.2,0.00516233
148218,148.218,0.00516248
148236,148.236,0.00516264
148255,148.255,0.0051628
148273,148.273,0.00516295
148291,148.291,0.00516311
148309,148.309,0.00516326
148327,148.327,0.00516341
148345,148.345,0.00516356
148364,148.364,0.00516372
148382,148.382,0.00516388
148400,148.4,0.00516403
148418,148.418,0.00516418
148436,148.436,0.00516433
148455,148.455,0.00516449
148473,148.473,0.00516464
148491,148.491,0.00516479
148509,148.509,0.00516494
148527,148.527,0.00516509
148545,148.545,0.00516524
148564,148.564,0.00516539
148582,148.582,0.00516554
148600,148.6,0.00516569
148618,148.618,0.00516584
148636,148.636,0.00516598
148655,148.655,0.00516614
148673,148.673,0.00516628
148691,148.691,0.00516643
148709,148.709,0.00516658
148727,148.727,0.00516672
148745,148.745,0.00516687
148764,148.764,0.00516702
148782,148.782,0.00516717
148800,148.8,0.00516731
148818,148.818,0.00516745
148836,148.836,0.0051676
148855,148.855,0.00516775
148873,148.873,0.00516789
148891,148.891,0.00516804
148909,148.909,0.00516818
148927,148.927,0.00516832
148945,148.945,0.00516846
148964,148.964,0.00516861
148982,148.982,0.00516875
149000,149,0.00516889
149018,149.018,0.00516903
149036,149.036,0.00516917
149055,149.055,0.00516932
149073,149.073,0.00516946
149091,149.091,0.0051696
149109,149.109,0.00516974
149127,149.127,0.00516988
149145,149.145,0.00517002
149164,149.164,0.00517016
149182,149.182,0.0051703
149200,149.2,0.00517044
149218,149.218,0.00517058
149236,149.236,0.00517071
149255,149.255,0.00517086
149273,149.273,0.00517099
149291,149.291,0.00517113
149309,149.309,0.00517127
149327,149.327,0.0051714
149345,149.345,0.00517154
149364,149.364,0.00517168
149382,149.382,0.00517181
149400,149.4,0.00517195
149418,149.418,0.00517208
149436,149.436,0.00517221
149455,149.455,0.00517235
149473,149.473,0.00517249
149491,149.491,0.00517262
149509,149.509,0.00517275
149527,149.527,0.00517288
149545,149.545,0.00517301
149564,149.564,0.00517315
149582,149.582,0.00517328
149600,149.6,0.00517341
149618,149.618,0.00517354
149636,149.636,0.00517367
149655,149.655,0.00517381
149673,149.673,0.00517394
149691,149.691,0.00517407
149709,149.709,0.0051742
149727,149.727,0.00517433
149745,149.745,0.00517445
149764,149.764,0.00517459
149782,149.782,0.00517472
149800,149.8,0.00517484
149818,149.818,0.00517497
149836,149.836,0.0051751
149855,149.855,0.00517523
149873,149.873,0.00517536
149891,149.891,0.00517548
149909,149.909,0.00517561
149927,149.927,0.00517573
149945,149.945,0.00517586
149964,149.964,0.00517599
149982,149.982,0.00517611
150000,150,0.00517624
150018,150.018,0.00517636
150036,150.036,0.00517648
150055,150.055,0.00517661
150073,150.073,0.00517673
150091,150.091,0.00517686
150109,150.109,0.00517698
150127,150.127,0.0051771
150145,150.145,0.00517722
150164,150.164,0.00517735
150182,150.182,0.00517747
150200,150.2,0.00517759
150218,150.218,0.00517771
150236,150.236,0.00517783
150255,150.255,0.00517795
150273,150.273,0.00517807
150291,150.291,0.00517819
150309,150.309,0.00517831
150327,150.327,0.00517843
150345,150.345,0.00517854
150364,150.364,0.00517867
150382,150.382,0.00517879
150400,150.4,0.0051789
150418,150.418,0.00517902
150436,150.436,0.00517913
150455,150.455,0.00517926
150473,150.473,0.00517937
150491,150.491,0.00517949
150509,150.509,0.0051796
150527,150.527,0.00517972
150545,150.545,0.00517983
150564,150.564,0.00517995
150582,150.582,0.00518006
150600,150.6,0.00518018
150618,150.618,0.00518029
150636,150.636,0.0051804
150655,150.655,0.00518052
150673,150.673,0.00518063
150691,150.691,0.00518075
150709,150.709,0.00518086
150727,150.727,0.00518097
150745,150.745,0.00518108
150764,150.764,0.00518119
150782,150.782,0.0051813
150800,150.8,0.00518141
150818,150.818,0.00518152
150836,150.836,0.00518163
150855,150.855,0.00518175
150873,150.873,0.00518186
150891,150.891,0.00518196
150909,150.909,0.00518207
150927,150.927,0.00518218
150945,150.945,0.00518229
150964,150.964,0.0051824
150982,150.982,0.00518251
151000,151,0.00518261
151018,151.018,0.00518272
151036,151.036,0.00518282
151055,151.055,0.00518294
151073,151.073,0.00518304
151091,151.091,0.00518315
151109,151.109,0.00518325
151127,151.127,0.00518335
151145,151.145,0.00518346
151164,151.164,0.00518357
151182,151.182,0.00518367
151200,151.2,0.00518377
151218,151.218,0.00518388
151236,151.236,0.00518398
151255,151.255,0.00518408
151273,151.273,0.00518419
151291,151.291,0.00518429
151309,151.309,0.00518439
151327,151.327,0.00518449
151345,151.345,0.00518459
151364,151.364,0.00518469
151382,151.382,0.00518479
151400,151.4,0.00518489
151418,151.418,0.00518499
151436,151.436,0.00518509
151455,151.455,0.0051852
151473,151.473,0.00518529
151491,151.491,0.00518539
151509,151.509,0.00518549
151527,151.527,0.00518559
151545,151.545,0.00518568
151564,151.564,0.00518578
151582,151.582,0.00518588
151600,151.6,0.00518598
151618,151.618,0.00518607
151636,151.636,0.00518617
151655,151.655,0.00518627
151673,151.673,0.00518636
151691,151.691,0.00518646
151709,151.709,0.00518655
151727,151.727,0.00518664
151745,151.745,0.00518674
151764,151.764,0.00518684
151782,151.782,0.00518693
151800,151.8,0.00518702
151818,151.818,0.00518711
151836,151.836,0.0051872
151855,151.855,0.0051873
151873,151.873,0.00518739
151891,151.891,0.00518748
151909,151.909,0.00518757
151927,151.927,0.00518766
151945,151.945,0.00518775
151964,151.964,0.00518785
151982,151.982,0.00518794
152000,152,0.00518803
152018,152.018,0.00518811
152036,152.036,0.0051882
152055,152.055,0.00518829
152073,152.073,0.00518838
152091,152.091,0.00518847
152109,152.109,0.00518856
152127,152.127,0.00518864
152145,152.145,0.00518873
152164,152.164,0.00518882
152182,152.182,0.00518891
152200,152.2,0.00518899
152218,152.218,0.00518908
152236,152.236,0.00518916
152255,152.255,0.00518925
152273,152.273,0.00518933
152291,152.291,0.00518942
152309,152.309,0.0051895
152327,152.327,0.00518959
152345,152.345,0.00518967
152364,152.364,0.00518976
152382,152.382,0.00518984
152400,152.4,0.00518992
152418,152.418,0.00519
152436,152.436,0.00519008
152455,152.455,0.00519017
152473,152.473,0.00519025
152491,152.491,0.00519033
152509,152.509,0.00519041
152527,152.527,0.00519049
152545,152.545,0.00519057
152564,152.564,0.00519065
152582,152.582,0.00519073
152600,152.6,0.00519081
152618,152.618,0.00519089
152636,152.636,0.00519096
152655,152.655,0.00519105
152673,152.673,0.00519112
152691,152.691,0.0051912
152709,152.709,0.00519128
152727,152.727,0.00519135
152745,152.745,0.00519143
152764,152.764,0.00519151
152782,152.782,0.00519158
152800,152.8,0.00519166
152818,152.818,0.00519173
152836,152.836,0.00519181
152855,152.855,0.00519189
152873,152.873,0.00519196
152891,152.891,0.00519203
152909,152.909,0.00519211
152927,152.927,0.00519218
152945,152.945,0.00519225
152964,152.964,0.00519233
152982,152.982,0.0051924
153000,153,0.00519247
153018,153.018,0.00519254
153036,153.036,0.00519261
153055,153.055,0.00519269
153073,153.073,0.00519276
153091,153.091,0.00519283
153109,153.109,0.0051929
153127,153.127,0.00519297
153145,153.145,0.00519303
153164,153.164,0.00519311
153182,153.182,0.00519317
153200,153.2,0.00519324
153218,153.218,0.00519331
153236,153.236,0.00519338
153255,153.255,0.00519345
153273,153.273,0.00519352
153291,153.291,0.00519358
153309,153.309,0.00519365
153327,153.327,0.00519371
153345,153.345,0.00519378
153364,153.364,0.00519385
153382,153.382,0.00519391
153400,153.4,0.00519398
153418,153.418,0.00519404
153436,153.436,0.0051941
153455,153.455,0.00519417
153473,153.473,0.00519423
153491,153.491,0.0051943
153509,153.509,0.00519436
153527,153.527,0.00519442
153545,153.545,0.00519448
153564,153.564,0.00519455
153582,153.582,0.00519461
153600,153.6,0.00519467
153618,153.618,0.00519473
153636,153.636,0.00519479
153655,153.655,0.00519486
153673,153.673,0.00519492
153691,153.691,0.00519498
153709,153.709,0.00519503
153727,153.727,0.00519509
153745,153.745,0.00519515
153764,153.764,0.00519521
153782,153.782,0.00519527
153800,153.8,0.00519533
153818,153.818,0.00519539
153836,153.836,0.00519544
153855,153.855,0.0051955
153873,153.873,0.00519556
153891,153.891,0.00519561
153909,153.909,0.00519567
153927,153.927,0.00519573
153945,153.945,0.00519578
153964,153.964,0.00519584
153982,153.982,0.00519589
154000,154,0.00519595
154018,154.018,0.005196
154036,154.036,0.00519605
154055,154.055,0.00519611
154073,154.073,0.00519616
154091,154.091,0.00519621
154109,154.109,0.00519627
154127,154.127,0.00519632
154145,154.145,0.00519637
154164,154.164,0.00519642
154182,154.182,0.00519647
154200,154.2,0.00519652
154218,154.218,0.00519657
154236,154.236,0.00519662
154255,154.255,0.00519668
154273,154.273,0.00519673
154291,154.291,0.00519678
154309,154.309,0.00519682
154327,154.327,0.00519687
154345,154.345,0.00519692
154364,154.364,0.00519697
154382,154.382,0.00519702
154400,154.4,0.00519706
154418,154.418,0.00519711
154436,154.436,0.00519716
154455,154.455,0.00519721
154473,154.473,0.00519725
154491,154.491,0.0051973
154509,154.509,0.00519734
154527,154.527,0.00519739
154545,154.545,0.00519743
154564,154.564,0.00519748
154582,154.582,0.00519752
154600,154.6,0.00519757
154618,154.618,0.00519761
154636,154.636,0.00519765
154655,154.655,0.0051977
154673,154.673,0.00519774
154691,154.691,0.00519778
154709,154.709,0.00519782
154727,154.727,0.00519786
154745,154.745,0.00519791
154764,154.764,0.00519795
154782,154.782,0.00519799
154800,154.8,0.00519803
154818,154.818,0.00519807
154836,154.836,0.00519811
154855,154.855,0.00519815
154873,154.873,0.00519819
154891,154.891,0.00519823
154909,154.909,0.00519826
154927,154.927,0.0051983
154945,154.945,0.00519834
154964,154.964,0.00519838
154982,154.982,0.00519842
155000,155,0.00519845
155018,155.018,0.00519849
155036,155.036,0.00519852
155055,155.055,0.00519856
155073,155.073,0.0051986
155091,155.091,0.00519863
155109,155.109,0.00519867
155127,155.127,0.0051987
155145,155.145,0.00519873
155164,155.164,0.00519877
155182,155.182,0.0051988
155200,155.2,0.00519884
155218,155.218,0.00519887
155236,155.236,0.0051989
155255,155.255,0.00519894
155273,155.273,0.00519897
155291,155.291,0.005199
155309,155.309,0.00519903
155327,155.327,0.00519906
155345,155.345,0.00519909
155364,155.364,0.00519912
155382,155.382,0.00519915
155400,155.4,0.00519918
155418,155.418,0.00519921
155436,155.436,0.00519924
155455,155.455,0.00519927
155473,155.473,0.0051993
155491,155.491,0.00519933
155509,155.509,0.00519935
155527,155.527,0.00519938
155545,155.545,0.00519941
155564,155.564,0.00519944
155582,155.582,0.00519946
155600,155.6,0.00519949
155618,155.618,0.00519951
155636,155.636,0.00519954
155655,155.655,0.00519957
155673,155.673,0.00519959
155691,155.691,0.00519962
155709,155.709,0.00519964
155727,155.727,0.00519966
155745,155.745,0.00519969
155764,155.764,0.00519971
155782,155.782,0.00519973
155800,155.8,0.00519976
155818,155.818,0.00519978
155836,155.836,0.0051998
155855,155.855,0.00519982
155873,155.873,0.00519985
155891,155.891,0.00519987
155909,155.909,0.00519989
155927,155.927,0.00519991
155945,155.945,0.00519993
155964,155.964,0.00519995
155982,155.982,0.00519997
156000,156,0.00519999
156018,156.018,0.0052
156036,156.036,0.00520002
156055,156.055,0.00520004
156073,156.073,0.00520006
156091,156.091,0.00520008
156109,156.109,0.0052001
156127,156.127,0.00520011
156145,156.145,0.00520013
156164,156.164,0.00520015
156182,156.182,0.00520016
156200,156.2,0.00520018
156218,156.218,0.00520019
156236,156.236,0.00520021
156255,156.255,0.00520022
156273,156.273,0.00520024
156291,156.291,0.00520025
156309,156.309,0.00520026
156327,156.327,0.00520028
156345,156.345,0.00520029
156364,156.364,0.0052003
156382,156.382,0.00520032
156400,156.4,0.00520033
156418,156.418,0.00520034
156436,156.436,0.00520035
156455,156.455,0.00520036
156473,156.473,0.00520037
156491,156.491,0.00520038
156509,156.509,0.00520039
156527,156.527,0.0052004
156545,156.545,0.00520041
156564,156.564,0.00520042
156582,156.582,0.00520043
156600,156.6,0.00520044
156618,156.618,0.00520045
156636,156.636,0.00520046
156655,156.655,0.00520047
156673,156.673,0.00520047
156691,156.691,0.00520048
156709,156.709,0.00520049
156727,156.727,0.00520049
156745,156.745,0.0052005
156764,156.764,0.0052005
156782,156.782,0.00520051
156800,156.8,0.00520051
156818,156.818,0.00520052
156836,156.836,0.00520052
156855,156.855,0.00520053
156873,156.873,0.00520053
156891,156.891,0.00520054
156909,156.909,0.00520054
156927,156.927,0.00520054
156945,156.945,0.00520054
156964,156.964,0.00520055
156982,156.982,0.00520055
157000,157,0.00520055
157018,157.018,0.00520055
157036,157.036,0.00520055
157055,157.055,0.00520055
157073,157.073,0.00520055
157091,157.091,0.00520055
157109,157.109,0.00520055
157127,157.127,0.00520055
157145,157.145,0.00520055
157164,157.164,0.00520055
157182,157.182,0.00520055
157200,157.2,0.00520055
157218,157.218,0.00520054
157236,157.236,0.00520054
157255,157.255,0.00520054
157273,157.273,0.00520053
157291,157.291,0.00520053
157309,157.309,0.00520053
157327,157.327,0.00520052
157345,157.345,0.00520052
157364,157.364,0.00520051
157382,157.382,0.00520051
157400,157.4,0.0052005
157418,157.418,0.0052005
157436,157.436,0.00520049
157455,157.455,0.00520048
157473,157.473,0.00520048
157491,157.491,0.00520047
157509,157.509,0.00520046
157527,157.527,0.00520046
157545,157.545,0.00520045
157564,157.564,0.00520044
157582,157.582,0.00520043
157600,157.6,0.00520042
157618,157.618,0.00520041
157636,157.636,0.0052004
157655,157.655,0.00520039
157673,157.673,0.00520038
157691,157.691,0.00520037
157709,157.709,0.00520036
157727,157.727,0.00520035
157745,157.745,0.00520034
157764,157.764,0.00520033
157782,157.782,0.00520031
157800,157.8,0.0052003
157818,157.818,0.00520029
157836,157.836,0.00520027
157855,157.855,0.00520026
157873,157.873,0.00520025
157891,157.891,0.00520023
157909,157.909,0.00520022
157927,157.927,0.0052002
157945,157.945,0.00520019
157964,157.964,0.00520017
157982,157.982,0.00520016
158000,158,0.00520014
158018,158.018,0.00520012
158036,158.036,0.00520011
158055,158.055,0.00520009
158073,158.073,0.00520007
158091,158.091,0.00520006
158109,158.109,0.00520004
158127,158.127,0.00520002
158145,158.145,0.0052
158164,158.164,0.00519998
158182,158.182,0.00519996
158200,158.2,0.00519994
158218,158.218,0.00519992
158236,158.236,0.0051999
158255,158.255,0.00519988
158273,158.273,0.00519986
158291,158.291,0.00519984
158309,158.309,0.00519982
158327,158.327,0.0051998
158345,158.345,0.00519977
158364,158.364,0.00519975
158382,158.382,0.00519973
158400,158.4,0.00519971
158418,158.418,0.00519968
158436,158.436,0.00519966
158455,158.455,0.00519963
158473,158.473,0.00519961
158491,158.491,0.00519958
158509,158.509,0.00519956
158527,158.527,0.00519953
158545,158.545,0.00519951
158564,158.564,0.00519948
158582,158.582,0.00519946
158600,158.6,0.00519943
158618,158.618,0.0051994
158636,158.636,0.00519938
158655,158.655,0.00519935
158673,158.673,0.00519932
158691,158.691,0.00519929
158709,158.709,0.00519926
158727,158.727,0.00519923
158745,158.745,0.00519921
158764,158.764,0.00519917
158782,158.782,0.00519914
158800,158.8,0.00519911
158818,158.818,0.00519908
158836,158.836,0.00519905
158855,158.855,0.00519902
158873,158.873,0.00519899
158891,158.891,0.00519896
158909,158.909,0.00519893
158927,158.927,0.00519889
158945,158.945,0.00519886
158964,158.964,0.00519883
158982,158.982,0.00519879
159000,159,0.00519876
159018,159.018,0.00519873
159036,159.036,0.00519869
159055,159.055,0.00519866
159073,159.073,0.00519862
159091,159.091,0.00519859
159109,159.109,0.00519855
159127,159.127,0.00519852
159145,159.145,0.00519848
159164,159.164,0.00519844
159182,159.182,0.00519841
159200,159.2,0.00519837
159218,159.218,0.00519833
159236,159.236,0.00519829
159255,159.255,0.00519825
159273,159.273,0.00519822
159291,159.291,0.00519818
159309,159.309,0.00519814
159327,159.327,0.0051981
159345,159.345,0.00519806
159364,159.364,0.00519802
159382,159.382,0.00519798
159400,159.4,0.00519794
159418,159.418,0.0051979
159436,159.436,0.00519786
159455,159.455,0.00519781
159473,159.473,0.00519777
159491,159.491,0.00519773
159509,159.509,0.00519769
159527,159.527,0.00519764
159545,159.545,0.0051976
159564,159.564,0.00519755
159582,159.582,0.00519751
159600,159.6,0.00519747
159618,159.618,0.00519742
159636,159.636,0.00519738
159655,159.655,0.00519733
159673,159.673,0.00519729
159691,159.691,0.00519724
159709,159.709,0.00519719
159727,159.727,0.00519715
159745,159.745,0.0051971
159764,159.764,0.00519705
159782,159.782,0.00519701
159800,159.8,0.00519696
159818,159.818,0.00519691
159836,159.836,0.00519686
159855,159.855,0.00519681
159873,159.873,0.00519676
159891,159.891,0.00519671
159909,159.909,0.00519666
159927,159.927,0.00519661
159945,159.945,0.00519656
159964,159.964,0.00519651
159982,159.982,0.00519646
160000,160,0.00519641
160018,160.018,0.00519636
160036,160.036,0.00519631
160055,160.055,0.00519625
160073,160.073,0.0051962
160091,160.091,0.00519615
160109,160.109,0.0051961
160127,160.127,0.00519604
160145,160.145,0.00519599
160164,160.164,0.00519593
160182,160.182,0.00519588
160200,160.2,0.00519582
160218,160.218,0.00519577
160236,160.236,0.00519571
160255,160.255,0.00519566
160273,160.273,0.0051956
160291,160.291,0.00519554
160309,160.309,0.00519549
160327,160.327,0.00519543
160345,160.345,0.00519537
160364,160.364,0.00519531
160382,160.382,0.00519526
160400,160.4,0.0051952
160418,160.418,0.00519514
160436,160.436,0.00519508
160455,160.455,0.00519502
160473,160.473,0.00519496
160491,160.491,0.0051949
160509,160.509,0.00519484
160527,160.527,0.00519478
160545,160.545,0.00519472
160564,160.564,0.00519466
160582,160.582,0.00519459
160600,160.6,0.00519453
160618,160.618,0.00519447
160636,160.636,0.00519441
160655,160.655,0.00519434
160673,160.673,0.00519428
160691,160.691,0.00519422
160709,160.709,0.00519416
160727,160.727,0.00519409
160745,160.745,0.00519403
160764,160.764,0.00519396
160782,160.782,0.0051939
160800,160.8,0.00519383
160818,160.818,0.00519377
160836,160.836,0.0051937
160855,160.855,0.00519363
160873,160.873,0.00519356
160891,160.891,0.0051935
160909,160.909,0.00519343
160927,160.927,0.00519336
160945,160.945,0.0051933
160964,160.964,0.00519323
160982,160.982,0.00519316
161000,161,0.00519309
161018,161.018,0.00519302
161036,161.036,0.00519295
161055,161.055,0.00519288
161073,161.073,0.00519281
161091,161.091,0.00519274
161109,161.109,0.00519267
161127,161.127,0.0051926
161145,161.145,0.00519253
161164,161.164,0.00519245
161182,161.182,0.00519238
161200,161.2,0.00519231
161218,161.218,0.00519224
161236,161.236,0.00519216
161255,161.255,0.00519209
161273,161.273,0.00519201
161291,161.291,0.00519194
161309,161.309,0.00519187
161327,161.327,0.00519179
161345,161.345,0.00519172
161364,161.364,0.00519164
161382,161.382,0.00519156
161400,161.4,0.00519149
161418,161.418,0.00519141
161436,161.436,0.00519134
161455,161.455,0.00519126
161473,161.473,0.00519118
161491,161.491,0.0051911
161509,161.509,0.00519103
161527,161.527,0.00519095
161545,161.545,0.00519087
161564,161.564,0.00519079
161582,161.582,0.00519071
161600,161.6,0.00519063
161618,161.618,0.00519055
161636,161.636,0.00519047
161655,161.655,0.00519039
161673,161.673,0.00519031
161691,161.691,0.00519023
161709,161.709,0.00519015
161727,161.727,0.00519007
161745,161.745,0.00518998
161764,161.764,0.0051899
161782,161.782,0.00518982
161800,161.8,0.00518973
161818,161.818,0.00518965
161836,161.836,0.00518957
161855,161.855,0.00518948
161873,161.873,0.0051894
161891,161.891,0.00518931
161909,161.909,0.00518923
161927,161.927,0.00518914
161945,161.945,0.00518906
161964,161.964,0.00518897
161982,161.982,0.00518888
162000,162,0.0051888
162018,162.018,0.00518871
162036,162.036,0.00518863
162055,162.055,0.00518853
162073,162.073,0.00518845
162091,162.091,0.00518836
162109,162.109,0.00518827
162127,162.127,0.00518818
162145,162.145,0.0051881
162164,162.164,0.005188
162182,162.182,0.00518791
162200,162.2,0.00518782
162218,162.218,0.00518773
162236,162.236,0.00518764
162255,162.255,0.00518755
162273,162.273,0.00518746
162291,162.291,0.00518737
162309,162.309,0.00518728
162327,162.327,0.00518718
162345,162.345,0.00518709
162364,162.364,0.005187
162382,162.382,0.0051869
162400,162.4,0.00518681
162418,162.418,0.00518672
162436,162.436,0.00518662
162455,162.455,0.00518653
162473,162.473,0.00518643
162491,162.491,0.00518634
162509,162.509,0.00518624
162527,162.527,0.00518615
162545,162.545,0.00518605
162564,162.564,0.00518595
162582,162.582,0.00518586
162600,162.6,0.00518576
162618,162.618,0.00518566
162636,162.636,0.00518557
162655,162.655,0.00518546
162673,162.673,0.00518537
162691,162.691,0.00518527
162709,162.709,0.00518517
162727,162.727,0.00518507
162745,162.745,0.00518497
162764,162.764,0.00518487
162782,162.782,0.00518477
162800,162.8,0.00518467
162818,162.818,0.00518457
162836,162.836,0.00518447
162855,162.855,0.00518436
162873,162.873,0.00518426
162891,162.891,0.00518416
162909,162.909,0.00518406
162927,162.927,0.00518396
162945,162.945,0.00518385
162964,162.964,0.00518375
162982,162.982,0.00518364
163000,163,0.00518354
163018,163.018,0.00518344
163036,163.036,0.00518333
163055,163.055,0.00518322
163073,163.073,0.00518312
163091,163.091,0.00518301
163109,163.109,0.00518291
163127,163.127,0.0051828
163145,163.145,0.0051827
163164,163.164,0.00518259
163182,163.182,0.00518248
163200,163.2,0.00518237
163218,163.218,0.00518226
163236,163.236,0.00518216
163255,163.255,0.00518204
163273,163.273,0.00518194
163291,163.291,0.00518183
163309,163.309,0.00518172
163327,163.327,0.00518161
163345,163.345,0.0051815
163364,163.364,0.00518139
163382,163.382,0.00518128
163400,163.4,0.00518117
163418,163.418,0.00518106
163436,163.436,0.00518094
163455,163.455,0.00518083
163473,163.473,0.00518072
163491,163.491,0.0051806
163509,163.509,0.00518049
163527,163.527,0.00518038
163545,163.545,0.00518027
163564,163.564,0.00518015
163582,163.582,0.00518003
163600,163.6,0.00517992
163618,163.618,0.00517981
163636,163.636,0.00517969
163655,163.655,0.00517957
163673,163.673,0.00517946
163691,163.691,0.00517934
163709,163.709,0.00517923
163727,163.727,0.00517911
163745,163.745,0.00517899
163764,163.764,0.00517887
163782,163.782,0.00517875
163800,163.8,0.00517864
163818,163.818,0.00517852
163836,163.836,0.0051784
163855,163.855,0.00517828
163873,163.873,0.00517816
163891,163.891,0.00517804
163909,163.909,0.00517792
163927,163.927,0.0051778
163945,163.945,0.00517768
163964,163.964,0.00517756
163982,163.982,0.00517744
164000,164,0.00517732
164018,164.018,0.00517719
164036,164.036,0.00517707
164055,164.055,0.00517695
164073,164.073,0.00517682
164091,164.091,0.0051767
164109,164.109,0.00517658
164127,164.127,0.00517646
164145,164.145,0.00517633
164164,164.164,0.0051762
164182,164.182,0.00517608
164200,164.2,0.00517595
164218,164.218,0.00517583
164236,164.236,0.00517571
164255,164.255,0.00517557
164273,164.273,0.00517545
164291,164.291,0.00517532
164309,164.309,0.0051752
164327,164.327,0.00517507
164345,164.345,0.00517494
164364,164.364,0.00517481
164382,164.382,0.00517468
164400,164.4,0.00517456
164418,164.418,0.00517443
164436,164.436,0.0051743
164455,164.455,0.00517416
164473,164.473,0.00517404
164491,164.491,0.00517391
164509,164.509,0.00517378
164527,164.527,0.00517365
164545,164.545,0.00517352
164564,164.564,0.00517338
164582,164.582,0.00517325
164600,164.6,0.00517312
164618,164.618,0.00517299
164636,164.636,0.00517286
164655,164.655,0.00517272
164673,164.673,0.00517258
164691,164.691,0.00517245
164709,164.709,0.00517232
164727,164.727,0.00517219
164745,164.745,0.00517205
164764,164.764,0.00517191
164782,164.782,0.00517178
164800,164.8,0.00517164
164818,164.818,0.00517151
164836,164.836,0.00517137
164855,164.855,0.00517123
164873,164.873,0.00517109
164891,164.891,0.00517096
164909,164.909,0.00517082
164927,164.927,0.00517068
164945,164.945,0.00517055
164964,164.964,0.0051704
164982,164.982,0.00517027
165000,165,0.00517013
165018,165.018,0.00516999
165036,165.036,0.00516985
165055,165.055,0.0051697
165073,165.073,0.00516957
165091,165.091,0.00516943
165109,165.109,0.00516929
165127,165.127,0.00516915
165145,165.145,0.00516901
165164,165.164,0.00516886
165182,165.182,0.00516872
165200,165.2,0.00516857
165218,165.218,0.00516843
165236,165.236,0.00516829
165255,165.255,0.00516814
165273,165.273,0.005168
165291,165.291,0.00516785
165309,165.309,0.00516771
165327,165.327,0.00516757
165345,165.345,0.00516742
165364,165.364,0.00516727
165382,165.382,0.00516713
165400,165.4,0.00516698
165418,165.418,0.00516684
165436,165.436,0.00516669
165455,165.455,0.00516654
165473,165.473,0.00516639
165491,165.491,0.00516625
165509,165.509,0.0051661
165527,165.527,0.00516595
165545,165.545,0.0051658
165564,165.564,0.00516565
165582,165.582,0.0051655
165600,165.6,0.00516535
165618,165.618,0.0051652
165636,165.636,0.00516506
165655,165.655,0.0051649
165673,165.673,0.00516475
165691,165.691,0.0051646
165709,165.709,0.00516445
165727,165.727,0.0051643
165745,165.745,0.00516415
165764,165.764,0.00516399
165782,165.782,0.00516384
165800,165.8,0.00516368
165818,165.818,0.00516353
165836,165.836,0.00516338
165855,165.855,0.00516322
165873,165.873,0.00516307
165891,165.891,0.00516291
165909,165.909,0.00516276
165927,165.927,0.00516261
165945,165.945,0.00516245
165964,165.964,0.00516229
165982,165.982,0.00516213
166000,166,0.00516198
166018,166.018,0.00516182
166036,166.036,0.00516167
166055,166.055,0.0051615
166073,166.073,0.00516135
166091,166.091,0.00516119
166109,166.109,0.00516103
166127,166.127,0.00516087
166145,166.145,0.00516072
166164,166.164,0.00516055
166182,166.182,0.00516039
166200,166.2,0.00516023
166218,166.218,0.00516007
166236,166.236,0.00515992
166255,166.255,0.00515975
166273,166.273,0.00515959
166291,166.291,0.00515943
166309,166.309,0.00515927
166327,166.327,0.00515911
166345,166.345,0.00515894
166364,166.364,0.00515877
166382,166.382,0.00515861
166400,166.4,0.00515845
166418,166.418,0.00515829
166436,166.436,0.00515812
166455,166.455,0.00515795
166473,166.473,0.00515779
166491,166.491,0.00515763
166509,166.509,0.00515746
166527,166.527,0.0051573
166545,166.545,0.00515713
166564,166.564,0.00515696
166582,166.582,0.00515679
166600,166.6,0.00515663
166618,166.618,0.00515646
166636,166.636,0.0051563
166655,166.655,0.00515612
166673,166.673,0.00515595
166691,166.691,0.00515579
166709,166.709,0.00515562
166727,166.727,0.00515545
166745,166.745,0.00515528
166764,166.764,0.00515511
166782,166.782,0.00515494
166800,166.8,0.00515477
166818,166.818,0.0051546
166836,166.836,0.00515443
166855,166.855,0.00515425
166873,166.873,0.00515408
166891,166.891,0.00515391
166909,166.909,0.00515374
166927,166.927,0.00515357
166945,166.945,0.0051534
166964,166.964,0.00515321
166982,166.982,0.00515304
167000,167,0.00515287
167018,167.018,0.0051527
167036,167.036,0.00515252
167055,167.055,0.00515234
167073,167.073,0.00515217
167091,167.091,0.00515199
167109,167.109,0.00515182
167127,167.127,0.00515165
167145,167.145,0.00515147
167164,167.164,0.00515129
167182,167.182,0.00515111
167200,167.2,0.00515093
167218,167.218,0.00515076
167236,167.236,0.00515058
167255,167.255,0.00515039
167273,167.273,0.00515022
167291,167.291,0.00515004
167309,167.309,0.00514986
167327,167.327,0.00514968
167345,167.345,0.00514951
167364,167.364,0.00514932
167382,167.382,0.00514914
167400,167.4,0.00514896
167418,167.418,0.00514878
167436,167.436,0.0051486
167455,167.455,0.00514841
167473,167.473,0.00514823
167491,167.491,0.00514805
167509,167.509,0.00514787
167527,167.527,0.00514769
167545,167.545,0.0051475
167564,167.564,0.00514731
167582,167.582,0.00514713
167600,167.6,0.00514695
167618,167.618,0.00514676
167636,167.636,0.00514658
167655,167.655,0.00514639
167673,167.673,0.0051462
167691,167.691,0.00514602
167709,167.709,0.00514583
167727,167.727,0.00514565
167745,167.745,0.00514546
167764,167.764,0.00514527
167782,167.782,0.00514508
167800,167.8,0.0051449
167818,167.818,0.00514471
167836,167.836,0.00514452
167855,167.855,0.00514433
167873,167.873,0.00514414
167891,167.891,0.00514395
167909,167.909,0.00514376
167927,167.927,0.00514357
167945,167.945,0.00514339
167964,167.964,0.00514319
167982,167.982,0.005143
168000,168,0.00514281
168018,168.018,0.00514262
168036,168.036,0.00514243
168055,168.055,0.00514223
168073,168.073,0.00514204
168091,168.091,0.00514184
168109,168.109,0.00514165
168127,168.127,0.00514146
168145,168.145,0.00514127
168164,168.164,0.00514107
168182,168.182,0.00514087
168200,168.2,0.00514068
168218,168.218,0.00514049
168236,168.236,0.00514029
168255,168.255,0.00514009
168273,168.273,0.00513989
168291,168.291,0.0051397
168309,168.309,0.0051395
168327,168.327,0.00513931
168345,168.345,0.00513911
168364,168.364,0.00513891
168382,168.382,0.00513871
168400,168.4,0.00513851
168418,168.418,0.00513832
168436,168.436,0.00513812
168455,168.455,0.00513791
168473,168.473,0.00513772
168491,168.491,0.00513752
168509,168.509,0.00513732
168527,168.527,0.00513712
168545,168.545,0.00513692
168564,168.564,0.00513671
168582,168.582,0.00513651
168600,168.6,0.00513631
168618,168.618,0.00513611
168636,168.636,0.00513591
168655,168.655,0.0051357
168673,168.673,0.0051355
168691,168.691,0.0051353
168709,168.709,0.0051351
168727,168.727,0.00513489
168745,168.745,0.00513469
168764,168.764,0.00513448
168782,168.782,0.00513427
168800,168.8,0.00513407
168818,168.818,0.00513387
168836,168.836,0.00513366
168855,168.855,0.00513345
168873,168.873,0.00513324
168891,168.891,0.00513304
168909,168.909,0.00513283
168927,168.927,0.00513263
168945,168.945,0.00513242
168964,168.964,0.0051322
168982,168.982,0.005132
169000,169,0.00513179
169018,169.018,0.00513158
169036,169.036,0.00513138
169055,169.055,0.00513116
169073,169.073,0.00513095
169091,169.091,0.00513074
169109,169.109,0.00513053
169127,169.127,0.00513032
169145,169.145,0.00513012
169164,169.164,0.00512989
169182,169.182,0.00512968
169200,169.2,0.00512947
169218,169.218,0.00512926
169236,169.236,0.00512905
169255,169.255,0.00512883
169273,169.273,0.00512862
169291,169.291,0.00512841
169309,169.309,0.0051282
169327,169.327,0.00512798
169345,169.345,0.00512777
169364,169.364,0.00512755
169382,169.382,0.00512733
169400,169.4,0.00512712
169418,169.418,0.00512691
169436,169.436,0.00512669
169455,169.455,0.00512647
169473,169.473,0.00512625
169491,169.491,0.00512604
169509,169.509,0.00512582
169527,169.527,0.0051256
169545,169.545,0.00512539
169564,169.564,0.00512516
169582,169.582,0.00512494
169600,169.6,0.00512473
169618,169.618,0.00512451
169636,169.636,0.00512429
169655,169.655,0.00512406
169673,169.673,0.00512384
169691,169.691,0.00512363
169709,169.709,0.00512341
169727,169.727,0.00512319
169745,169.745,0.00512297
169764,169.764,0.00512274
169782,169.782,0.00512252
169800,169.8,0.0051223
169818,169.818,0.00512208
169836,169.836,0.00512186
169855,169.855,0.00512162
169873,169.873,0.0051214
169891,169.891,0.00512118
169909,169.909,0.00512096
169927,169.927,0.00512073
169945,169.945,0.00512051
169964,169.964,0.00512028
169982,169.982,0.00512005
170000,170,0.00511983
170018,170.018,0.0051196
170036,170.036,0.00511938
170055,170.055,0.00511914
170073,170.073,0.00511892
170091,170.091,0.00511869
170109,170.109,0.00511847
170127,170.127,0.00511824
170145,170.145,0.00511802
170164,170.164,0.00511778
170182,170.182,0.00511755
170200,170.2,0.00511732
170218,170.218,0.00511709
170236,170.236,0.00511687
170255,170.255,0.00511663
170273,170.273,0.0051164
170291,170.291,0.00511617
170309,170.309,0.00511594
170327,170.327,0.00511571
170345,170.345,0.00511548
170364,170.364,0.00511524
170382,170.382,0.00511501
170400,170.4,0.00511478
170418,170.418,0.00511455
170436,170.436,0.00511432
170455,170.455,0.00511407
170473,170.473,0.00511384
170491,170.491,0.00511361
170509,170.509,0.00511338
170527,170.527,0.00511314
170545,170.545,0.00511291
170564,170.564,0.00511266
170582,170.582,0.00511243
170600,170.6,0.0051122
170618,170.618,0.00511196
170636,170.636,0.00511173
170655,170.655,0.00511148
170673,170.673,0.00511125
170691,170.691,0.00511101
170709,170.709,0.00511077
170727,170.727,0.00511054
170745,170.745,0.0051103
170764,170.764,0.00511005
170782,170.782,0.00510981
170800,170.8,0.00510958
170818,170.818,0.00510934
170836,170.836,0.0051091
170855,170.855,0.00510885
170873,170.873,0.00510861
170891,170.891,0.00510837
170909,170.909,0.00510813
170927,170.927,0.0051079
170945,170.945,0.00510766
170964,170.964,0.0051074
170982,170.982,0.00510716
171000,171,0.00510692
171018,171.018,0.00510668
171036,171.036,0.00510644
171055,171.055,0.00510618
171073,171.073,0.00510594
171091,171.091,0.0051057
171109,171.109,0.00510546
171127,171.127,0.00510521
171145,171.145,0.00510497
171164,171.164,0.00510471
171182,171.182,0.00510447
171200,171.2,0.00510423
171218,171.218,0.00510398
171236,171.236,0.00510374
171255,171.255,0.00510348
171273,171.273,0.00510323
171291,171.291,0.00510299
171309,171.309,0.00510274
171327,171.327,0.0051025
171345,171.345,0.00510225
171364,171.364,0.00510199
171382,171.382,0.00510174
171400,171.4,0.00510149
171418,171.418,0.00510125
171436,171.436,0.005101
171455,171.455,0.00510074
171473,171.473,0.00510049
171491,171.491,0.00510024
171509,171.509,0.00509999
171527,171.527,0.00509974
171545,171.545,0.00509949
171564,171.564,0.00509923
171582,171.582,0.00509898
171600,171.6,0.00509873
171618,171.618,0.00509847
171636,171.636,0.00509822
171655,171.655,0.00509796
171673,171.673,0.0050977
171691,171.691,0.00509745
171709,171.709,0.0050972
171727,171.727,0.00509695
171745,171.745,0.00509669
171764,171.764,0.00509643
171782,171.782,0.00509617
171800,171.8,0.00509592
171818,171.818,0.00509566
171836,171.836,0.00509541
171855,171.855,0.00509514
171873,171.873,0.00509488
171891,171.891,0.00509463
171909,171.909,0.00509437
171927,171.927,0.00509412
171945,171.945,0.00509386
171964,171.964,0.00509359
171982,171.982,0.00509333
172000,172,0.00509307
172018,172.018,0.00509282
172036,172.036,0.00509256
172055,172.055,0.00509229
172073,172.073,0.00509203
172091,172.091,0.00509177
172109,172.109,0.00509151
172127,172.127,0.00509125
172145,172.145,0.00509099
172164,172.164,0.00509071
172182,172.182,0.00509045
172200,172.2,0.00509019
172218,172.218,0.00508993
172236,172.236,0.00508967
172255,172.255,0.00508939
172273,172.273,0.00508913
172291,172.291,0.00508887
172309,172.309,0.00508861
172327,172.327,0.00508834
172345,172.345,0.00508808
172364,172.364,0.0050878
172382,172.382,0.00508754
172400,172.4,0.00508727
172418,172.418,0.00508701
172436,172.436,0.00508674
172455,172.455,0.00508646
172473,172.473,0.0050862
172491,172.491,0.00508593
172509,172.509,0.00508567
172527,172.527,0.0050854
172545,172.545,0.00508513
172564,172.564,0.00508485
172582,172.582,0.00508458
172600,172.6,0.00508432
172618,172.618,0.00508405
172636,172.636,0.00508378
172655,172.655,0.0050835
172673,172.673,0.00508323
172691,172.691,0.00508296
172709,172.709,0.00508269
172727,172.727,0.00508242
172745,172.745,0.00508215
172764,172.764,0.00508186
172782,172.782,0.00508159
172800,172.8,0.00508132
172818,172.818,0.00508105
172836,172.836,0.00508078
172855,172.855,0.00508049
172873,172.873,0.00508022
172891,172.891,0.00507995
172909,172.909,0.00507968
172927,172.927,0.0050794
172945,172.945,0.00507913
172964,172.964,0.00507884
172982,172.982,0.00507857
173000,173,0.00507829
173018,173.018,0.00507802
173036,173.036,0.00507774
173055,173.055,0.00507745
173073,173.073,0.00507718
173091,173.091,0.0050769
173109,173.109,0.00507662
173127,173.127,0.00507635
173145,173.145,0.00507607
173164,173.164,0.00507578
173182,173.182,0.0050755
173200,173.2,0.00507522
173218,173.218,0.00507495
173236,173.236,0.00507467
173255,173.255,0.00507437
173273,173.273,0.0050741
173291,173.291,0.00507382
173309,173.309,0.00507354
173327,173.327,0.00507326
173345,173.345,0.00507298
173364,173.364,0.00507268
173382,173.382,0.0050724
173400,173.4,0.00507212
173418,173.418,0.00507184
173436,173.436,0.00507156
173455,173.455,0.00507126
173473,173.473,0.00507098
173491,173.491,0.00507069
173509,173.509,0.00507041
173527,173.527,0.00507013
173545,173.545,0.00506984
173564,173.564,0.00506955
173582,173.582,0.00506926
173600,173.6,0.00506898
173618,173.618,0.00506869
173636,173.636,0.00506841
173655,173.655,0.00506811
173673,173.673,0.00506782
173691,173.691,0.00506753
173709,173.709,0.00506725
173727,173.727,0.00506696
173745,173.745,0.00506668
173764,173.764,0.00506637
173782,173.782,0.00506609
173800,173.8,0.0050658
173818,173.818,0.00506551
173836,173.836,0.00506522
173855,173.855,0.00506492
173873,173.873,0.00506463
173891,173.891,0.00506434
173909,173.909,0.00506405
173927,173.927,0.00506376
173945,173.945,0.00506347
173964,173.964,0.00506316
173982,173.982,0.00506287
174000,174,0.00506258
174018,174.018,0.00506229
174036,174.036,0.005062
174055,174.055,0.00506169
174073,174.073,0.0050614
174091,174.091,0.00506111
174109,174.109,0.00506081
174127,174.127,0.00506052
174145,174.145,0.00506023
174164,174.164,0.00505992
174182,174.182,0.00505962
174200,174.2,0.00505933
174218,174.218,0.00505903
174236,174.236,0.00505874
174255,174.255,0.00505843
174273,174.273,0.00505813
174291,174.291,0.00505784
174309,174.309,0.00505754
174327,174.327,0.00505724
174345,174.345,0.00505695
174364,174.364,0.00505663
174382,174.382,0.00505634
174400,174.4,0.00505604
174418,174.418,0.00505574
174436,174.436,0.00505544
174455,174.455,0.00505513
174473,174.473,0.00505483
174491,174.491,0.00505453
174509,174.509,0.00505423
174527,174.527,0.00505393
174545,174.545,0.00505363
174564,174.564,0.00505331
174582,174.582,0.00505301
174600,174.6,0.00505271
174618,174.618,0.00505241
174636,174.636,0.00505211
174655,174.655,0.00505179
174673,174.673,0.00505149
174691,174.691,0.00505118
174709,174.709,0.00505088
174727,174.727,0.00505058
174745,174.745,0.00505028
174764,174.764,0.00504996
174782,174.782,0.00504965
174800,174.8,0.00504935
174818,174.818,0.00504904
174836,174.836,0.00504874
174855,174.855,0.00504842
174873,174.873,0.00504811
174891,174.891,0.0050478
174909,174.909,0.0050475
174927,174.927,0.00504719
174945,174.945,0.00504689
174964,174.964,0.00504656
174982,174.982,0.00504625
175000,175,0.00504595
175018,175.018,0.00504564
175036,175.036,0.00504533
175055,175.055,0.005045
175073,175.073,0.0050447
175091,175.091,0.00504439
175109,175.109,0.00504408
175127,175.127,0.00504377
175145,175.145,0.00504346
175164,175.164,0.00504313
175182,175.182,0.00504282
175200,175.2,0.00504251
175218,175.218,0.0050422
175236,175.236,0.00504189
175255,175.255,0.00504156
175273,175.273,0.00504125
175291,175.291,0.00504093
175309,175.309,0.00504062
175327,175.327,0.00504031
175345,175.345,0.00503999
175364,175.364,0.00503966
175382,175.382,0.00503935
175400,175.4,0.00503903
175418,175.418,0.00503872
175436,175.436,0.00503841
175455,175.455,0.00503807
175473,175.473,0.00503776
175491,175.491,0.00503744
175509,175.509,0.00503713
175527,175.527,0.00503681
175545,175.545,0.00503649
175564,175.564,0.00503616
175582,175.582,0.00503584
175600,175.6,0.00503552
175618,175.618,0.00503521
175636,175.636,0.00503489
175655,175.655,0.00503455
175673,175.673,0.00503423
175691,175.691,0.00503391
175709,175.709,0.0050336
175727,175.727,0.00503328
175745,175.745,0.00503296
175764,175.764,0.00503262
175782,175.782,0.0050323
175800,175.8,0.00503198
175818,175.818,0.00503166
175836,175.836,0.00503133
175855,175.855,0.00503099
175873,175.873,0.00503067
175891,175.891,0.00503035
175909,175.909,0.00503003
175927,175.927,0.00502971
175945,175.945,0.00502938
175964,175.964,0.00502904
175982,175.982,0.00502872
176000,176,0.00502839
176018,176.018,0.00502807
176036,176.036,0.00502774
176055,176.055,0.0050274
176073,176.073,0.00502708
176091,176.091,0.00502675
176109,176.109,0.00502642
176127,176.127,0.0050261
176145,176.145,0.00502577
176164,176.164,0.00502543
176182,176.182,0.0050251
176200,176.2,0.00502477
176218,176.218,0.00502445
176236,176.236,0.00502412
176255,176.255,0.00502377
176273,176.273,0.00502344
176291,176.291,0.00502311
176309,176.309,0.00502278
176327,176.327,0.00502245
176345,176.345,0.00502213
176364,176.364,0.00502178
176382,176.382,0.00502145
176400,176.4,0.00502112
176418,176.418,0.00502078
176436,176.436,0.00502045
176455,176.455,0.0050201
176473,176.473,0.00501977
176491,176.491,0.00501944
176509,176.509,0.00501911
176527,176.527,0.00501877
176545,176.545,0.00501844
176564,176.564,0.00501809
176582,176.582,0.00501776
176600,176.6,0.00501742
176618,176.618,0.00501709
176636,176.636,0.00501675
176655,176.655,0.0050164
176673,176.673,0.00501607
176691,176.691,0.00501573
176709,176.709,0.00501539
176727,176.727,0.00501506
176745,176.745,0.00501472
176764,176.764,0.00501437
176782,176.782,0.00501403
176800,176.8,0.00501369
176818,176.818,0.00501336
176836,176.836,0.00501302
176855,176.855,0.00501266
176873,176.873,0.00501232
176891,176.891,0.00501198
176909,176.909,0.00501165
176927,176.927,0.00501131
176945,176.945,0.00501097
176964,176.964,0.00501061
176982,176.982,0.00501027
177000,177,0.00500993
177018,177.018,0.00500959
177036,177.036,0.00500925
177055,177.055,0.00500889
177073,177.073,0.00500854
177091,177.091,0.0050082
177109,177.109,0.00500786
177127,177.127,0.00500752
177145,177.145,0.00500717
177164,177.164,0.00500681
177182,177.182,0.00500647
177200,177.2,0.00500613
177218,177.218,0.00500578
177236,177.236,0.00500544
177255,177.255,0.00500507
177273,177.273,0.00500473
177291,177.291,0.00500438
177309,177.309,0.00500404
177327,177.327,0.00500369
177345,177.345,0.00500335
177364,177.364,0.00500298
177382,177.382,0.00500263
177400,177.4,0.00500229
177418,177.418,0.00500194
177436,177.436,0.00500159
177455,177.455,0.00500123
177473,177.473,0.00500088
177491,177.491,0.00500053
177509,177.509,0.00500018
177527,177.527,0.00499983
177545,177.545,0.00499948
177564,177.564,0.00499911
177582,177.582,0.00499876
177600,177.6,0.00499841
177618,177.618,0.00499806
177636,177.636,0.00499771
177655,177.655,0.00499734
177673,177.673,0.00499699
177691,177.691,0.00499664
177709,177.709,0.00499629
177727,177.727,0.00499594
177745,177.745,0.00499558
177764,177.764,0.00499521
177782,177.782,0.00499486
177800,177.8,0.0049945
177818,177.818,0.00499415
177836,177.836,0.0049938
177855,177.855,0.00499342
177873,177.873,0.00499307
177891,177.891,0.00499271
177909,177.909,0.00499236
177927,177.927,0.004992
177945,177.945,0.00499165
177964,177.964,0.00499127
177982,177.982,0.00499091
178000,178,0.00499056
178018,178.018,0.0049902
178036,178.036,0.00498984
178055,178.055,0.00498947
178073,178.073,0.00498911
178091,178.091,0.00498875
178109,178.109,0.00498839
178127,178.127,0.00498803
178145,178.145,0.00498767
178164,178.164,0.00498729
178182,178.182,0.00498694
178200,178.2,0.00498658
178218,178.218,0.00498622
178236,178.236,0.00498585
178255,178.255,0.00498547
178273,178.273,0.00498511
178291,178.291,0.00498475
178309,178.309,0.00498439
178327,178.327,0.00498403
178345,178.345,0.00498367
178364,178.364,0.00498328
178382,178.382,0.00498292
178400,178.4,0.00498256
178418,178.418,0.00498219
178436,178.436,0.00498183
178455,178.455,0.00498145
178473,178.473,0.00498108
178491,178.491,0.00498072
178509,178.509,0.00498035
178527,178.527,0.00497999
178545,178.545,0.00497962
178564,178.564,0.00497924
178582,178.582,0.00497887
178600,178.6,0.0049785
178618,178.618,0.00497814
178636,178.636,0.00497777
178655,178.655,0.00497738
178673,178.673,0.00497702
178691,178.691,0.00497665
178709,178.709,0.00497628
178727,178.727,0.00497591
178745,178.745,0.00497554
178764,178.764,0.00497515
178782,178.782,0.00497478
178800,178.8,0.00497441
178818,178.818,0.00497404
178836,178.836,0.00497367
178855,178.855,0.00497328
178873,178.873,0.00497291
178891,178.891,0.00497254
178909,178.909,0.00497217
178927,178.927,0.0049718
178945,178.945,0.00497143
178964,178.964,0.00497103
178982,178.982,0.00497066
179000,179,0.00497029
179018,179.018,0.00496992
179036,179.036,0.00496954
179055,179.055,0.00496915
179073,179.073,0.00496877
179091,179.091,0.0049684
179109,179.109,0.00496803
179127,179.127,0.00496765
179145,179.145,0.00496728
179164,179.164,0.00496688
179182,179.182,0.0049665
179200,179.2,0.00496613
179218,179.218,0.00496575
179236,179.236,0.00496538
179255,179.255,0.00496498
179273,179.273,0.0049646
179291,179.291,0.00496422
179309,179.309,0.00496385
179327,179.327,0.00496347
179345,179.345,0.00496309
179364,179.364,0.00496269
179382,179.382,0.00496231
179400,179.4,0.00496193
179418,179.418,0.00496155
179436,179.436,0.00496117
179455,179.455,0.00496077
179473,179.473,0.00496039
179491,179.491,0.00496001
179509,179.509,0.00495963
179527,179.527,0.00495925
179545,179.545,0.00495887
179564,179.564,0.00495846
179582,179.582,0.00495808
179600,179.6,0.0049577
179618,179.618,0.00495732
179636,179.636,0.00495693
179655,179.655,0.00495653
179673,179.673,0.00495615
179691,179.691,0.00495576
179709,179.709,0.00495538
179727,179.727,0.00495499
179745,179.745,0.00495461
179764,179.764,0.0049542
179782,179.782,0.00495382
179800,179.8,0.00495343
179818,179.818,0.00495305
179836,179.836,0.00495266
179855,179.855,0.00495225
179873,179.873,0.00495187
179891,179.891,0.00495148
179909,179.909,0.00495109
179927,179.927,0.0049507
179945,179.945,0.00495032
179964,179.964,0.00494991
179982,179.982,0.00494952
180000,180,0.00494913
